slug,中文名,英文名,角色,色调,色系,出处,序号,HEX,R,G,B,RGB,L*,C*,h°,白底对比度,平滑序,区分度序,色相序,明度序,色盲等级,色盲安全,深色变体,浅色变体,纸色bg,墨色ink
asuka-vermilion,明日香 · 朱赤,Asuka · Vermilion Red,明日香,朱赤,红,新世纪福音战士,1,#E63B2A,230,59,42,"230,59,42",52.0,80.9,37.6,4.18,1,1,3,4,B,是,#B40009,#FF8168,#FFF2EF,#55231A
asuka-vermilion,明日香 · 朱赤,Asuka · Vermilion Red,明日香,朱赤,红,新世纪福音战士,2,#8D1316,141,19,22,"141,19,22",29.9,58.6,34.0,9.39,2,3,1,6,B,是,#570000,#AF5044,#FFF2EF,#55231A
asuka-vermilion,明日香 · 朱赤,Asuka · Vermilion Red,明日香,朱赤,红,新世纪福音战士,3,#3B4760,59,71,96,"59,71,96",30.1,16.4,277.6,9.31,3,5,5,5,B,是,#18263D,#656D82,#FFF2EF,#55231A
asuka-vermilion,明日香 · 朱赤,Asuka · Vermilion Red,明日香,朱赤,红,新世纪福音战士,4,#BFB6B0,191,182,176,"191,182,176",74.6,4.7,63.1,1.99,4,6,6,1,B,否,#978E88,#EAE3DE,#FFF2EF,#55231A
asuka-vermilion,明日香 · 朱赤,Asuka · Vermilion Red,明日香,朱赤,红,新世纪福音战士,5,#FF9C88,255,156,136,"255,156,136",74.1,43.6,37.0,2.03,5,2,2,2,B,是,#D37461,#FFDBD3,#FFF2EF,#55231A
asuka-vermilion,明日香 · 朱赤,Asuka · Vermilion Red,明日香,朱赤,红,新世纪福音战士,6,#DF9730,223,151,48,"223,151,48",68.0,64.2,73.1,2.44,6,4,4,3,B,否,#B17100,#FFC887,#FFF2EF,#55231A
hutao-plum,胡桃 · 绯梅,Hu Tao · Plum Crimson,胡桃,绯梅,红,原神,1,#C74E4D,199,78,77,"199,78,77",49.7,54.7,28.2,4.54,1,1,2,4,B,是,#9B232B,#E7837D,#FCF3F2,#4D2826
hutao-plum,胡桃 · 绯梅,Hu Tao · Plum Crimson,胡桃,绯梅,红,原神,2,#792C3D,121,44,61,"121,44,61",29.9,35.8,11.4,9.37,2,3,1,6,B,是,#52011D,#9A5A65,#FCF3F2,#4D2826
hutao-plum,胡桃 · 绯梅,Hu Tao · Plum Crimson,胡桃,绯梅,红,原神,3,#49435F,73,67,95,"73,67,95",30.1,18.2,300.7,9.33,3,4,5,5,B,是,#27223C,#706A81,#FCF3F2,#4D2826
hutao-plum,胡桃 · 绯梅,Hu Tao · Plum Crimson,胡桃,绯梅,红,原神,4,#DE9476,222,148,118,"222,148,118",68.0,36.7,48.0,2.44,4,2,3,3,B,是,#B36D50,#FFC5AD,#FCF3F2,#4D2826
hutao-plum,胡桃 · 绯梅,Hu Tao · Plum Crimson,胡桃,绯梅,红,原神,5,#BCB6AF,188,182,175,"188,182,175",74.3,4.4,78.6,2.01,5,6,6,1,B,是,#948E87,#E8E3DD,#FCF3F2,#4D2826
hutao-plum,胡桃 · 绯梅,Hu Tao · Plum Crimson,胡桃,绯梅,红,原神,6,#D5B326,213,179,38,"213,179,38",73.9,69.5,90.8,2.04,6,5,4,2,B,是,#A88C00,#FFE083,#FCF3F2,#4D2826
ponyo-coral,波妞 · 珊瑚,Ponyo · Coral Red,波妞,珊瑚,红,崖上的波妞,1,#ED3124,237,49,36,"237,49,36",52.2,86.9,37.5,4.15,1,1,2,4,A,是,#B50009,#FF826A,#FFF2EF,#572218
ponyo-coral,波妞 · 珊瑚,Ponyo · Coral Red,波妞,珊瑚,红,崖上的波妞,2,#A12044,161,32,68,"161,32,68",36.0,54.6,12.9,7.49,2,3,1,6,A,是,#6D0026,#C05D6E,#FFF2EF,#572218
ponyo-coral,波妞 · 珊瑚,Ponyo · Coral Red,波妞,珊瑚,红,崖上的波妞,3,#FDA083,253,160,131,"253,160,131",74.6,43.2,43.2,1.99,3,2,3,1,A,是,#D1785C,#FFDDD2,#FFF2EF,#572218
ponyo-coral,波妞 · 珊瑚,Ponyo · Coral Red,波妞,珊瑚,红,崖上的波妞,4,#8C867E,140,134,126,"140,134,126",56.2,5.2,81.5,3.6,4,6,6,3,A,是,#666059,#B5B0AA,#FFF2EF,#572218
ponyo-coral,波妞 · 珊瑚,Ponyo · Coral Red,波妞,珊瑚,红,崖上的波妞,5,#92BFCA,146,191,202,"146,191,202",74.6,16.1,220.2,1.99,5,5,4,2,A,是,#6A97A2,#C7EAF3,#FFF2EF,#572218
ponyo-coral,波妞 · 珊瑚,Ponyo · Coral Red,波妞,珊瑚,红,崖上的波妞,6,#2284B1,34,132,177,"34,132,177",51.9,33.6,249.7,4.2,6,4,5,5,A,是,#005D82,#72ACD1,#FFF2EF,#572218
chihiro-vermilion-fern,千寻 · 朱绿,Chihiro · Vermilion & Fern,千寻,朱绿,红,千与千寻,1,#C6402E,198,64,46,"198,64,46",46.8,65.9,37.6,5.03,1,1,1,4,C,是,#990A0B,#E77863,#FDF3F0,#50271F
chihiro-vermilion-fern,千寻 · 朱绿,Chihiro · Vermilion & Fern,千寻,朱绿,红,千与千寻,2,#FD9E81,253,158,129,"253,158,129",74.1,44.1,42.9,2.02,2,2,2,2,C,是,#D1765A,#FFDBD0,#FDF3F0,#50271F
chihiro-vermilion-fern,千寻 · 朱绿,Chihiro · Vermilion & Fern,千寻,朱绿,红,千与千寻,3,#BBB6AD,187,182,173,"187,182,173",74.2,5.2,88.2,2.02,3,6,5,1,C,否,#938E85,#E7E3DB,#FDF3F0,#50271F
chihiro-vermilion-fern,千寻 · 朱绿,Chihiro · Vermilion & Fern,千寻,朱绿,红,千与千寻,4,#7FA054,127,160,84,"127,160,84",61.9,43.4,124.5,2.98,4,4,3,3,C,否,#58792E,#B0C98C,#FDF3F0,#50271F
chihiro-vermilion-fern,千寻 · 朱绿,Chihiro · Vermilion & Fern,千寻,朱绿,红,千与千寻,5,#536950,83,105,80,"83,105,80",42.0,17.7,139.9,5.99,5,3,4,5,C,否,#30452E,#7E907C,#FDF3F0,#50271F
chihiro-vermilion-fern,千寻 · 朱绿,Chihiro · Vermilion & Fern,千寻,朱绿,红,千与千寻,6,#394855,57,72,85,"57,72,85",29.8,10.0,256.0,9.41,6,5,6,6,C,是,#172733,#626E79,#FDF3F0,#50271F
dusk-inkvermilion,夕 · 墨朱,Dusk · Ink & Vermilion,夕,墨朱,红,明日方舟,1,#8E2736,142,39,54,"142,39,54",32.9,46.9,20.3,8.42,1,1,1,6,A,是,#610018,#AF5B60,#FBF3F3,#4A292B
dusk-inkvermilion,夕 · 墨朱,Dusk · Ink & Vermilion,夕,墨朱,红,明日方舟,2,#C46A6A,196,106,106,"196,106,106",55.2,39.1,24.3,3.74,2,2,2,4,A,是,#9A4346,#E69B99,#FBF3F3,#4A292B
dusk-inkvermilion,夕 · 墨朱,Dusk · Ink & Vermilion,夕,墨朱,红,明日方舟,3,#566269,86,98,105,"86,98,105",40.8,6.3,241.9,6.27,3,3,6,5,A,是,#333F45,#808A90,#FBF3F3,#4A292B
dusk-inkvermilion,夕 · 墨朱,Dusk · Ink & Vermilion,夕,墨朱,红,明日方舟,4,#719DA9,113,157,169,"113,157,169",62.1,16.2,223.0,2.96,4,5,4,3,A,是,#4A7682,#A5C7D1,#FBF3F3,#4A292B
dusk-inkvermilion,夕 · 墨朱,Dusk · Ink & Vermilion,夕,墨朱,红,明日方舟,5,#BCB7AD,188,183,173,"188,183,173",74.6,5.7,90.1,2.0,5,6,5,1,A,是,#948F85,#E8E4DB,#FBF3F3,#4A292B
dusk-inkvermilion,夕 · 墨朱,Dusk · Ink & Vermilion,夕,墨朱,红,明日方舟,6,#C9A54A,201,165,74,"201,165,74",69.3,51.0,86.6,2.34,6,4,3,2,A,是,#9E7E20,#F3D18A,#FBF3F3,#4A292B
mitsuha-twilight,三叶 · 暮橙,Mitsuha · Twilight Orange,三叶,暮橙,橙,你的名字,1,#CB5C21,203,92,33,"203,92,33",52.4,66.2,51.8,4.12,1,1,1,4,A,是,#9C3600,#EE8E5F,#FDF3EF,#4C2A18
mitsuha-twilight,三叶 · 暮橙,Mitsuha · Twilight Orange,三叶,暮橙,橙,你的名字,2,#F4A665,244,166,101,"244,166,101",74.5,50.1,63.6,2.0,2,2,2,1,A,是,#C87E3E,#FFDEC5,#FDF3EF,#4C2A18
mitsuha-twilight,三叶 · 暮橙,Mitsuha · Twilight Orange,三叶,暮橙,橙,你的名字,3,#BDB5AD,189,181,173,"189,181,173",74.1,5.3,74.4,2.02,3,6,6,2,A,是,#958D85,#E8E2DB,#FDF3EF,#4C2A18
mitsuha-twilight,三叶 · 暮橙,Mitsuha · Twilight Orange,三叶,暮橙,橙,你的名字,4,#8093D4,128,147,212,"128,147,212",61.8,36.7,285.0,2.98,4,5,3,3,A,是,#576DAC,#B2BEF3,#FDF3EF,#4C2A18
mitsuha-twilight,三叶 · 暮橙,Mitsuha · Twilight Orange,三叶,暮橙,橙,你的名字,5,#474B89,71,75,137,"71,75,137",34.3,38.7,294.5,7.97,5,4,4,6,A,是,#1E2A64,#7473A7,#FDF3EF,#4C2A18
mitsuha-twilight,三叶 · 暮橙,Mitsuha · Twilight Orange,三叶,暮橙,橙,你的名字,6,#C75681,199,86,129,"199,86,129",52.3,49.4,358.2,4.14,6,3,5,5,A,是,#9D2B5C,#E68BAA,#FDF3EF,#4C2A18
naruto-orange-indigo,鸣人 · 橙靛,Naruto · Orange & Indigo,鸣人,橙靛,橙,火影忍者,1,#D16409,209,100,9,"209,100,9",54.8,72.7,57.7,3.79,1,1,1,4,A,是,#9B4400,#F59656,#FDF3EE,#4C2A13
naruto-orange-indigo,鸣人 · 橙靛,Naruto · Orange & Indigo,鸣人,橙靛,橙,火影忍者,2,#DCB300,220,179,0,"220,179,0",74.5,76.8,88.9,2.0,2,4,3,1,A,是,#AD8C00,#FFE198,#FDF3EE,#4C2A13
naruto-orange-indigo,鸣人 · 橙靛,Naruto · Orange & Indigo,鸣人,橙靛,橙,火影忍者,3,#D4A986,212,169,134,"212,169,134",72.3,26.4,65.5,2.14,3,2,2,2,A,是,#AA815F,#FBD7BA,#FDF3EE,#4C2A13
naruto-orange-indigo,鸣人 · 橙靛,Naruto · Orange & Indigo,鸣人,橙靛,橙,火影忍者,4,#7A94C9,122,148,201,"122,148,201",61.2,30.5,278.0,3.04,4,5,4,3,A,是,#516EA1,#ADBFEA,#FDF3EE,#4C2A13
naruto-orange-indigo,鸣人 · 橙靛,Naruto · Orange & Indigo,鸣人,橙靛,橙,火影忍者,5,#324D90,50,77,144,"50,77,144",34.0,42.1,287.3,8.08,5,3,5,5,A,是,#002C67,#6774AC,#FDF3EE,#4C2A13
naruto-orange-indigo,鸣人 · 橙靛,Naruto · Orange & Indigo,鸣人,橙靛,橙,火影忍者,6,#46464C,70,70,76,"70,70,76",29.9,3.8,290.9,9.37,6,6,6,6,A,是,#25252B,#6C6C71,#FDF3EE,#4C2A13
zhongli-amber,钟离 · 琥珀岩金,Zhongli · Amber Geo,钟离,琥珀岩金,橙,原神,1,#B37C00,179,124,0,"179,124,0",56.1,63.4,78.2,3.62,1,1,2,3,A,是,#835900,#DBA857,#FAF4EE,#422F12
zhongli-amber,钟离 · 琥珀岩金,Zhongli · Amber Geo,钟离,琥珀岩金,橙,原神,2,#D3B46A,211,180,106,"211,180,106",74.5,41.7,87.6,2.0,2,2,3,1,A,是,#A88C43,#FDE1A6,#FAF4EE,#422F12
zhongli-amber,钟离 · 琥珀岩金,Zhongli · Amber Geo,钟离,琥珀岩金,橙,原神,3,#BBB6AC,187,182,172,"187,182,172",74.2,5.7,90.1,2.02,3,6,4,2,A,是,#938E84,#E7E3DA,#FAF4EE,#422F12
zhongli-amber,钟离 · 琥珀岩金,Zhongli · Amber Geo,钟离,琥珀岩金,橙,原神,4,#6E7F72,110,127,114,"110,127,114",51.5,10.2,150.9,4.25,4,5,5,4,A,是,#4A5A4D,#9AA89D,#FAF4EE,#422F12
zhongli-amber,钟离 · 琥珀岩金,Zhongli · Amber Geo,钟离,琥珀岩金,橙,原神,5,#4A4644,74,70,68,"74,70,68",30.0,2.2,55.1,9.33,5,4,6,6,A,是,#292523,#706C6B,#FAF4EE,#422F12
zhongli-amber,钟离 · 琥珀岩金,Zhongli · Amber Geo,钟离,琥珀岩金,橙,原神,6,#895829,137,88,41,"137,88,41",41.9,38.1,65.8,6.01,6,3,1,5,A,是,#613504,#AF825C,#FAF4EE,#422F12
nausicaa-sky-gold,娜乌西卡 · 天青金,Nausicaä · Sky & Gold,娜乌西卡,天青金,橙,风之谷,1,#B38708,179,135,8,"179,135,8",58.9,63.1,83.6,3.29,1,1,2,3,A,是,#856200,#DDB25D,#F9F4EE,#3F3011
nausicaa-sky-gold,娜乌西卡 · 天青金,Nausicaä · Sky & Gold,娜乌西卡,天青金,橙,风之谷,2,#BDB7A6,189,183,166,"189,183,166",74.5,9.4,95.1,2.0,2,6,5,1,A,是,#958F7E,#E9E4D6,#F9F4EE,#3F3011
nausicaa-sky-gold,娜乌西卡 · 天青金,Nausicaä · Sky & Gold,娜乌西卡,天青金,橙,风之谷,3,#82BFDD,130,191,221,"130,191,221",74.3,24.3,240.6,2.01,3,3,3,2,A,是,#5797B4,#C1E9FF,#F9F4EE,#3F3011
nausicaa-sky-gold,娜乌西卡 · 天青金,Nausicaä · Sky & Gold,娜乌西卡,天青金,橙,风之谷,4,#3176A0,49,118,160,"49,118,160",47.2,29.9,255.2,4.97,4,2,4,5,A,是,#005176,#729EC0,#F9F4EE,#3F3011
nausicaa-sky-gold,娜乌西卡 · 天青金,Nausicaä · Sky & Gold,娜乌西卡,天青金,橙,风之谷,5,#6A7668,106,118,104,"106,118,104",48.3,9.6,139.9,4.77,5,5,6,4,A,是,#465144,#959F93,#F9F4EE,#3F3011
nausicaa-sky-gold,娜乌西卡 · 天青金,Nausicaä · Sky & Gold,娜乌西卡,天青金,橙,风之谷,6,#7D2D02,125,45,2,"125,45,2",30.0,52.4,51.1,9.34,6,4,1,6,A,是,#461700,#A15B39,#F9F4EE,#3F3011
zenitsu-lightning,我妻善逸 · 雷明黄,Zenitsu · Lightning Yellow,我妻善逸,雷明黄,黄,鬼灭之刃,1,#E8B000,232,176,0,"232,176,0",75.0,78.2,83.9,1.97,1,1,4,1,C,是,#B78A00,#FFE1AE,#FAF4EC,#413006
zenitsu-lightning,我妻善逸 · 雷明黄,Zenitsu · Lightning Yellow,我妻善逸,雷明黄,黄,鬼灭之刃,2,#BEB6A3,190,182,163,"190,182,163",74.2,10.7,92.2,2.02,2,6,6,2,C,是,#968E7C,#E9E3D3,#FAF4EC,#413006
zenitsu-lightning,我妻善逸 · 雷明黄,Zenitsu · Lightning Yellow,我妻善逸,雷明黄,黄,鬼灭之刃,3,#948634,148,134,52,"148,134,52",55.7,45.0,96.4,3.67,3,2,5,3,C,是,#6B6108,#BFB06F,#FAF4EC,#413006
zenitsu-lightning,我妻善逸 · 雷明黄,Zenitsu · Lightning Yellow,我妻善逸,雷明黄,黄,鬼灭之刃,4,#69563A,105,86,58,"105,86,58",37.8,19.6,79.4,7.02,4,5,3,5,C,否,#443419,#8F7E67,#FAF4EC,#413006
zenitsu-lightning,我妻善逸 · 雷明黄,Zenitsu · Lightning Yellow,我妻善逸,雷明黄,黄,鬼灭之刃,5,#A32F1D,163,47,29,"163,47,29",37.7,60.1,39.1,7.04,5,4,1,6,C,是,#750000,#C5654F,#FAF4EC,#413006
zenitsu-lightning,我妻善逸 · 雷明黄,Zenitsu · Lightning Yellow,我妻善逸,雷明黄,黄,鬼灭之刃,6,#E25A00,226,90,0,"226,90,0",55.6,82.1,52.5,3.69,6,3,2,4,C,否,#A73D00,#FF935B,#FAF4EC,#413006
pikachu-lemon,皮卡丘 · 柠黄,Pikachu · Lemon Yellow,皮卡丘,柠黄,黄,宝可梦,1,#DEB100,222,177,0,"222,177,0",74.2,76.8,87.4,2.02,1,1,3,2,B,是,#AE8A00,#FFDF9A,#F9F4EC,#3F3107
pikachu-lemon,皮卡丘 · 柠黄,Pikachu · Lemon Yellow,皮卡丘,柠黄,黄,宝可梦,2,#BCB7A6,188,183,166,"188,183,166",74.4,9.4,97.4,2.01,2,6,5,1,B,是,#948F7E,#E8E3D6,#F9F4EC,#3F3107
pikachu-lemon,皮卡丘 · 柠黄,Pikachu · Lemon Yellow,皮卡丘,柠黄,黄,宝可梦,3,#847700,132,119,0,"132,119,0",49.6,55.5,96.3,4.55,3,2,4,4,B,是,#5C5200,#AFA050,#F9F4EC,#3F3107
pikachu-lemon,皮卡丘 · 柠黄,Pikachu · Lemon Yellow,皮卡丘,柠黄,黄,宝可梦,4,#444845,68,72,69,"68,72,69",30.1,2.6,152.0,9.3,4,5,6,6,B,是,#232724,#6B6E6C,#F9F4EC,#3F3107
pikachu-lemon,皮卡丘 · 柠黄,Pikachu · Lemon Yellow,皮卡丘,柠黄,黄,宝可梦,5,#7D491C,125,73,28,"125,73,28",36.4,39.5,62.5,7.39,5,4,2,5,B,是,#542800,#A2734F,#F9F4EC,#3F3107
pikachu-lemon,皮卡丘 · 柠黄,Pikachu · Lemon Yellow,皮卡丘,柠黄,黄,宝可梦,6,#ED493E,237,73,62,"237,73,62",55.2,75.3,34.5,3.73,6,3,1,3,B,否,#BE0D1B,#FF8F7E,#F9F4EC,#3F3107
zelda-pale-gold,塞尔达 · 淡金,Zelda · Pale Gold,塞尔达,淡金,黄,塞尔达传说,1,#A18001,161,128,1,"161,128,1",55.1,60.3,87.6,3.75,1,1,1,4,A,是,#755C00,#CBAA57,#F8F5EE,#3D3113
zelda-pale-gold,塞尔达 · 淡金,Zelda · Pale Gold,塞尔达,淡金,黄,塞尔达传说,2,#C7B679,199,182,121,"199,182,121",74.2,33.4,94.6,2.02,2,2,2,1,A,是,#9D8E52,#F2E2B1,#F8F5EE,#3D3113
zelda-pale-gold,塞尔达 · 淡金,Zelda · Pale Gold,塞尔达,淡金,黄,塞尔达传说,3,#6B8469,107,132,105,"107,132,105",52.6,18.7,141.3,4.09,3,5,3,5,A,是,#465F45,#98AD96,#F8F5EE,#3D3113
zelda-pale-gold,塞尔达 · 淡金,Zelda · Pale Gold,塞尔达,淡金,黄,塞尔达传说,4,#AEACA7,174,172,167,"174,172,167",70.4,2.8,94.3,2.27,4,6,6,2,A,是,#868580,#DAD8D4,#F8F5EE,#3D3113
zelda-pale-gold,塞尔达 · 淡金,Zelda · Pale Gold,塞尔达,淡金,黄,塞尔达传说,5,#7FA3C4,127,163,196,"127,163,196",65.5,21.3,258.7,2.65,5,4,4,3,A,是,#577C9C,#B3CEE9,#F8F5EE,#3D3113
zelda-pale-gold,塞尔达 · 淡金,Zelda · Pale Gold,塞尔达,淡金,黄,塞尔达传说,6,#2F5C8A,47,92,138,"47,92,138",38.0,30.1,269.9,6.96,6,3,5,6,A,是,#003962,#6783A9,#F8F5EE,#3D3113
nekomata-neon,猫又 · 荧柠黄,Nekomata · Neon Lemon,猫又,荧柠黄,黄,绝区零,1,#CFBD00,207,189,0,"207,189,0",75.9,77.8,96.9,1.92,1,1,2,1,A,是,#A39400,#FEE970,#F8F5EC,#393306
nekomata-neon,猫又 · 荧柠黄,Nekomata · Neon Lemon,猫又,荧柠黄,黄,绝区零,2,#BCB7A9,188,183,169,"188,183,169",74.5,7.8,95.1,2.0,2,6,5,2,A,是,#948F81,#E8E4D8,#F8F5EC,#393306
nekomata-neon,猫又 · 荧柠黄,Nekomata · Neon Lemon,猫又,荧柠黄,黄,绝区零,3,#9C9759,156,151,89,"156,151,89",61.6,34.1,102.6,3.01,3,2,3,3,A,是,#747134,#C7C190,#F8F5EC,#393306
nekomata-neon,猫又 · 荧柠黄,Nekomata · Neon Lemon,猫又,荧柠黄,黄,绝区零,4,#7D6C03,125,108,3,"125,108,3",45.8,51.5,93.5,5.23,4,3,1,5,A,是,#544800,#A7954D,#F8F5EC,#393306
nekomata-neon,猫又 · 荧柠黄,Nekomata · Neon Lemon,猫又,荧柠黄,黄,绝区零,5,#49454B,73,69,75,"73,69,75",29.9,4.2,315.0,9.39,5,5,6,6,A,是,#28242A,#6F6B71,#F8F5EC,#393306
nekomata-neon,猫又 · 荧柠黄,Nekomata · Neon Lemon,猫又,荧柠黄,黄,绝区零,6,#D14C83,209,76,131,"209,76,131",52.2,57.2,357.4,4.14,6,4,4,4,A,是,#A61A5E,#EF86AC,#F8F5EC,#393306
robin-goldfeather,知更鸟 · 金羽,Robin · Gold Feather,知更鸟,金羽,黄,崩坏：星穹铁道,1,#DCB243,220,178,67,"220,178,67",74.5,60.2,86.4,2.0,1,1,2,1,A,是,#B08A12,#FFE0A2,#F9F4EE,#3D3113
robin-goldfeather,知更鸟 · 金羽,Robin · Gold Feather,知更鸟,金羽,黄,崩坏：星穹铁道,2,#7F5E00,127,94,0,"127,94,0",42.0,50.0,83.3,5.99,2,3,1,5,A,是,#543C00,#A78747,#F9F4EE,#3D3113
robin-goldfeather,知更鸟 · 金羽,Robin · Gold Feather,知更鸟,金羽,黄,崩坏：星穹铁道,3,#9A8B5B,154,139,91,"154,139,91",58.1,27.8,93.1,3.38,3,2,3,3,A,是,#726536,#C3B68F,#F9F4EE,#3D3113
robin-goldfeather,知更鸟 · 金羽,Robin · Gold Feather,知更鸟,金羽,黄,崩坏：星穹铁道,4,#BCB7AA,188,183,170,"188,183,170",74.5,7.3,94.2,2.0,4,6,6,2,A,是,#948F82,#E8E4D9,#F9F4EE,#3D3113
robin-goldfeather,知更鸟 · 金羽,Robin · Gold Feather,知更鸟,金羽,黄,崩坏：星穹铁道,5,#B06F85,176,111,133,"176,111,133",54.3,28.8,357.5,3.85,5,5,5,4,A,是,#884960,#D39EAE,#F9F4EE,#3D3113
robin-goldfeather,知更鸟 · 金羽,Robin · Gold Feather,知更鸟,金羽,黄,崩坏：星穹铁道,6,#4A5A8C,74,90,140,"74,90,140",39.0,30.8,285.3,6.7,6,4,4,6,A,是,#223867,#7882AC,#F9F4EE,#3D3113
luigi-grass,路易吉 · 草绿,Luigi · Grass Green,路易吉,草绿,绿,超级马力欧,1,#009530,0,149,48,"0,149,48",53.7,69.3,142.2,3.93,1,1,2,4,A,是,#006B1E,#67BD6C,#F0F7F0,#1A391C
luigi-grass,路易吉 · 草绿,Luigi · Grass Green,路易吉,草绿,绿,超级马力欧,2,#8ACB96,138,203,150,"138,203,150",76.3,37.3,147.5,1.9,2,2,3,1,A,是,#61A26F,#C2F5CA,#F0F7F0,#1A391C
luigi-grass,路易吉 · 草绿,Luigi · Grass Green,路易吉,草绿,绿,超级马力欧,3,#DAB32B,218,179,43,"218,179,43",74.4,68.7,88.8,2.01,3,5,1,2,A,是,#AD8C00,#FFE197,#F0F7F0,#1A391C
luigi-grass,路易吉 · 草绿,Luigi · Grass Green,路易吉,草绿,绿,超级马力欧,4,#8F8C82,143,140,130,"143,140,130",58.2,5.8,97.5,3.36,4,6,6,3,A,是,#69665C,#B9B7AE,#F0F7F0,#1A391C
luigi-grass,路易吉 · 草绿,Luigi · Grass Green,路易吉,草绿,绿,超级马力欧,5,#005B2D,0,91,45,"0,91,45",33.3,40.7,150.6,8.29,5,3,4,6,A,是,#003515,#49815A,#F0F7F0,#1A391C
luigi-grass,路易吉 · 草绿,Luigi · Grass Green,路易吉,草绿,绿,超级马力欧,6,#2B54B0,43,84,176,"43,84,176",37.8,56.5,289.5,7.01,6,4,5,5,A,是,#00337B,#6D7CC8,#F0F7F0,#1A391C
zoro-moss-ink,索隆 · 苔墨,Zoro · Moss & Ink,索隆,苔墨,绿,海贼王,1,#6D8557,109,133,87,"109,133,87",52.6,28.1,128.3,4.08,1,1,3,4,A,是,#486033,#9BAE88,#F4F5F2,#2E3527
zoro-moss-ink,索隆 · 苔墨,Zoro · Moss & Ink,索隆,苔墨,绿,海贼王,2,#9CC574,156,197,116,"156,197,116",75.0,45.6,127.4,1.97,2,2,2,1,A,是,#739C4D,#D0F0AE,#F4F5F2,#2E3527
zoro-moss-ink,索隆 · 苔墨,Zoro · Moss & Ink,索隆,苔墨,绿,海贼王,3,#BAB7AC,186,183,172,"186,183,172",74.4,6.0,98.7,2.01,3,6,5,2,A,是,#928F84,#E6E3DB,#F4F5F2,#2E3527
zoro-moss-ink,索隆 · 苔墨,Zoro · Moss & Ink,索隆,苔墨,绿,海贼王,4,#B28E00,178,142,0,"178,142,0",60.6,65.2,87.7,3.11,4,4,1,3,A,是,#856900,#DDB95D,#F4F5F2,#2E3527
zoro-moss-ink,索隆 · 苔墨,Zoro · Moss & Ink,索隆,苔墨,绿,海贼王,5,#2F5025,47,80,37,"47,80,37",30.6,30.5,135.1,9.15,5,3,4,5,A,是,#0D2E01,#5C7652,#F4F5F2,#2E3527
zoro-moss-ink,索隆 · 苔墨,Zoro · Moss & Ink,索隆,苔墨,绿,海贼王,6,#454747,69,71,71,"69,71,71",30.0,0.9,199.3,9.35,6,5,6,6,A,是,#242626,#6C6D6D,#F4F5F2,#2E3527
tanjiro-ink-ember,灶门炭治郎 · 墨绿炭赤,Tanjiro · Ink Green & Ember,灶门炭治郎,墨绿炭赤,绿,鬼灭之刃,1,#426B47,66,107,71,"66,107,71",41.4,27.6,145.2,6.13,1,1,4,4,B,是,#1D4725,#719274,#F3F6F3,#29362A
tanjiro-ink-ember,灶门炭治郎 · 墨绿炭赤,Tanjiro · Ink Green & Ember,灶门炭治郎,墨绿炭赤,绿,鬼灭之刃,2,#464746,70,71,70,"70,71,70",30.0,0.8,144.4,9.33,2,5,6,6,B,是,#252625,#6C6D6C,#F3F6F3,#29362A
tanjiro-ink-ember,灶门炭治郎 · 墨绿炭赤,Tanjiro · Ink Green & Ember,灶门炭治郎,墨绿炭赤,绿,鬼灭之刃,3,#8B2B1C,139,43,28,"139,43,28",32.5,51.0,38.6,8.54,3,3,1,5,B,否,#5D0400,#AD5D4B,#F3F6F3,#29362A
tanjiro-ink-ember,灶门炭治郎 · 墨绿炭赤,Tanjiro · Ink Green & Ember,灶门炭治郎,墨绿炭赤,绿,鬼灭之刃,4,#D4703F,212,112,63,"212,112,63",58.0,56.6,51.1,3.39,4,4,2,3,B,是,#A84919,#F7A178,#F3F6F3,#29362A
tanjiro-ink-ember,灶门炭治郎 · 墨绿炭赤,Tanjiro · Ink Green & Ember,灶门炭治郎,墨绿炭赤,绿,鬼灭之刃,5,#C0B6A7,192,182,167,"192,182,167",74.5,9.0,83.8,2.0,5,6,5,1,B,否,#988E7F,#EBE3D7,#F3F6F3,#29362A
tanjiro-ink-ember,灶门炭治郎 · 墨绿炭赤,Tanjiro · Ink Green & Ember,灶门炭治郎,墨绿炭赤,绿,鬼灭之刃,6,#7CA377,124,163,119,"124,163,119",63.2,28.9,139.8,2.85,6,2,3,2,B,是,#557C51,#ADCDA9,#F3F6F3,#29362A
totoro-moss-gray,龙猫 · 苔灰,Totoro · Moss Gray,龙猫,苔灰,绿,龙猫,1,#616967,97,105,103,"97,105,103",43.7,3.5,178.9,5.64,1,1,5,5,B,是,#3E4543,#8B9190,#F4F5F5,#313332
totoro-moss-gray,龙猫 · 苔灰,Totoro · Moss Gray,龙猫,苔灰,绿,龙猫,2,#3B4A45,59,74,69,"59,74,69",30.1,7.2,172.0,9.33,2,3,6,6,B,否,#1A2924,#63706C,#F4F5F5,#313332
totoro-moss-gray,龙猫 · 苔灰,Totoro · Moss Gray,龙猫,苔灰,绿,龙猫,3,#8A7550,138,117,80,"138,117,80",50.3,23.6,83.4,4.43,3,4,1,4,B,是,#63512D,#B29F81,#F4F5F5,#313332
totoro-moss-gray,龙猫 · 苔灰,Totoro · Moss Gray,龙猫,苔灰,绿,龙猫,4,#718578,113,133,120,"113,133,120",53.6,11.0,155.3,3.94,4,2,4,3,B,否,#4C6053,#9EAEA3,#F4F5F5,#313332
totoro-moss-gray,龙猫 · 苔灰,Totoro · Moss Gray,龙猫,苔灰,绿,龙猫,5,#9D9D99,157,157,153,"157,157,153",64.6,2.2,109.9,2.72,5,6,3,2,B,否,#767672,#C8C8C5,#F4F5F5,#313332
totoro-moss-gray,龙猫 · 苔灰,Totoro · Moss Gray,龙猫,苔灰,绿,龙猫,6,#B8C2B3,184,194,179,"184,194,179",77.3,8.9,134.3,1.84,6,5,2,1,B,是,#909A8B,#E6EEE2,#F4F5F5,#313332
eren-survey-olive,艾伦 · 橄榄,Eren · Survey Olive,艾伦,橄榄,绿,进击的巨人,1,#6F7E32,111,126,50,"111,126,50",50.1,42.4,114.1,4.46,1,1,4,3,B,是,#495909,#9CA66A,#F5F5F0,#31351E
eren-survey-olive,艾伦 · 橄榄,Eren · Survey Olive,艾伦,橄榄,绿,进击的巨人,2,#A7B16C,167,177,108,"167,177,108",70.0,37.1,113.0,2.3,2,2,3,2,B,是,#7F8946,#D5DCA4,#F5F5F0,#31351E
eren-survey-olive,艾伦 · 橄榄,Eren · Survey Olive,艾伦,橄榄,绿,进击的巨人,3,#B9B6AD,185,182,173,"185,182,173",74.1,5.0,96.5,2.03,3,6,5,1,B,是,#918E85,#E5E2DB,#F5F5F0,#31351E
eren-survey-olive,艾伦 · 橄榄,Eren · Survey Olive,艾伦,橄榄,绿,进击的巨人,4,#7B6152,123,97,82,"123,97,82",43.3,15.0,56.9,5.72,4,4,2,4,B,是,#563E2F,#A18A7E,#F5F5F0,#31351E
eren-survey-olive,艾伦 · 橄榄,Eren · Survey Olive,艾伦,橄榄,绿,进击的巨人,5,#89271F,137,39,31,"137,39,31",31.5,50.2,35.2,8.85,5,5,1,6,B,是,#5E0000,#AB594C,#F5F5F0,#31351E
eren-survey-olive,艾伦 · 橄榄,Eren · Survey Olive,艾伦,橄榄,绿,进击的巨人,6,#43505C,67,80,92,"67,80,92",33.4,8.9,256.9,8.27,6,3,6,5,B,是,#212E39,#6C7781,#F5F5F0,#31351E
minori-emerald,花里みのり · 翡翠,Minori · Emerald Jump,花里みのり,翡翠,绿,世界计划,1,#009167,0,145,103,"0,145,103",53.2,45.5,163.1,4.0,1,1,4,4,B,是,#006748,#65B995,#F0F6F3,#19382B
minori-emerald,花里みのり · 翡翠,Minori · Emerald Jump,花里みのり,翡翠,绿,世界计划,2,#4A7FC4,74,127,196,"74,127,196",52.5,41.4,275.3,4.1,2,3,5,5,B,是,#095A9C,#88A8E1,#F0F6F3,#19382B
minori-emerald,花里みのり · 翡翠,Minori · Emerald Jump,花里みのり,翡翠,绿,世界计划,3,#B5BAB8,181,186,184,"181,186,184",75.1,2.2,169.2,1.97,3,6,6,1,B,是,#8D9290,#E2E6E5,#F0F6F3,#19382B
minori-emerald,花里みのり · 翡翠,Minori · Emerald Jump,花里みのり,翡翠,绿,世界计划,4,#BB8E13,187,142,19,"187,142,19",61.6,63.5,83.7,3.0,4,4,3,2,B,是,#8D6900,#E5BA63,#F0F6F3,#19382B
minori-emerald,花里みのり · 翡翠,Minori · Emerald Jump,花里みのり,翡翠,绿,世界计划,5,#7A5240,122,82,64,"122,82,64",38.8,22.5,50.2,6.76,5,5,2,6,B,是,#542F1F,#9E7C6C,#F0F6F3,#19382B
minori-emerald,花里みのり · 翡翠,Minori · Emerald Jump,花里みのり,翡翠,绿,世界计划,6,#E1708D,225,112,141,"225,112,141",61.2,47.1,6.0,3.04,6,2,1,3,B,否,#B64767,#FFA6B9,#F0F6F3,#19382B
miku-aqua,初音未来 · 青碧,Miku · Aqua Teal,初音未来,青碧,青,VOCALOID,1,#35CFC4,53,207,196,"53,207,196",75.7,41.5,188.1,1.93,1,1,2,1,C,是,#00A49B,#93F9EF,#EFF6F5,#123835
miku-aqua,初音未来 · 青碧,Miku · Aqua Teal,初音未来,青碧,青,VOCALOID,2,#A8ACAB,168,172,171,"168,172,171",70.0,1.6,179.3,2.29,2,6,5,2,C,否,#818584,#D5D8D7,#EFF6F5,#123835
miku-aqua,初音未来 · 青碧,Miku · Aqua Teal,初音未来,青碧,青,VOCALOID,3,#689893,104,152,147,"104,152,147",59.4,17.4,188.4,3.23,3,2,3,3,C,是,#41716D,#9CC1BD,#EFF6F5,#123835
miku-aqua,初音未来 · 青碧,Miku · Aqua Teal,初音未来,青碧,青,VOCALOID,4,#00737D,0,115,125,"0,115,125",43.9,26.8,209.7,5.6,4,3,4,5,C,是,#004C53,#5B9AA2,#EFF6F5,#123835
miku-aqua,初音未来 · 青碧,Miku · Aqua Teal,初音未来,青碧,青,VOCALOID,5,#404757,64,71,87,"64,71,87",30.1,10.5,276.9,9.3,5,4,6,6,C,否,#1F2635,#686D7B,#EFF6F5,#123835
miku-aqua,初音未来 · 青碧,Miku · Aqua Teal,初音未来,青碧,青,VOCALOID,6,#D7486A,215,72,106,"215,72,106",52.0,59.5,11.8,4.18,6,5,1,4,C,否,#AB1246,#F58397,#EFF6F5,#123835
venti-mint,温迪 · 风薄荷,Venti · Anemo Mint,温迪,风薄荷,青,原神,1,#089275,8,146,117,"8,146,117",53.9,40.4,171.1,3.9,1,1,3,4,B,是,#006953,#68BAA1,#F0F6F4,#1A382F
venti-mint,温迪 · 风薄荷,Venti · Anemo Mint,温迪,风薄荷,青,原神,2,#216156,33,97,86,"33,97,86",37.0,23.2,179.3,7.22,2,3,4,5,B,是,#003D34,#59877E,#F0F6F4,#1A382F
venti-mint,温迪 · 风薄荷,Venti · Anemo Mint,温迪,风薄荷,青,原神,3,#3B5A6E,59,90,110,"59,90,110",36.7,15.9,249.9,7.31,3,4,5,6,B,否,#15374A,#6A8191,#F0F6F4,#1A382F
venti-mint,温迪 · 风薄荷,Venti · Anemo Mint,温迪,风薄荷,青,原神,4,#949795,148,151,149,"148,151,149",62.2,1.6,155.5,2.95,4,6,6,3,B,否,#6E716F,#BFC2C0,#F0F6F4,#1A382F
venti-mint,温迪 · 风薄荷,Venti · Anemo Mint,温迪,风薄荷,青,原神,5,#8FC2B0,143,194,176,"143,194,176",74.5,20.8,169.9,2.0,5,2,2,1,B,是,#679A88,#C4EDDE,#F0F6F4,#1A382F
venti-mint,温迪 · 风薄荷,Venti · Anemo Mint,温迪,风薄荷,青,原神,6,#C8B384,200,179,132,"200,179,132",73.7,26.8,88.7,2.05,6,5,1,2,B,否,#9F8B5D,#F2E0BA,#F0F6F4,#1A382F
giyu-pine,富冈义勇 · 松青,Giyu · Pine Teal,富冈义勇,松青,青,鬼灭之刃,1,#26635B,38,99,91,"38,99,91",38.0,21.8,183.5,6.96,1,1,4,4,B,是,#003F38,#5D8A82,#F2F6F5,#253633
giyu-pine,富冈义勇 · 松青,Giyu · Pine Teal,富冈义勇,松青,青,鬼灭之刃,2,#5F9A8E,95,154,142,"95,154,142",59.4,22.1,179.4,3.23,2,2,3,3,B,是,#377368,#95C3B9,#F2F6F5,#253633
giyu-pine,富冈义勇 · 松青,Giyu · Pine Teal,富冈义勇,松青,青,鬼灭之刃,3,#B6B9B8,182,185,184,"182,185,184",74.9,1.2,173.6,1.98,3,6,6,1,B,否,#8E9190,#E3E5E5,#F2F6F5,#253633
giyu-pine,富冈义勇 · 松青,Giyu · Pine Teal,富冈义勇,松青,青,鬼灭之刃,4,#C9A227,201,162,39,"201,162,39",68.3,64.0,87.4,2.42,4,4,2,2,B,是,#9C7B00,#F4CE73,#F2F6F5,#253633
giyu-pine,富冈义勇 · 松青,Giyu · Pine Teal,富冈义勇,松青,青,鬼灭之刃,5,#863434,134,52,52,"134,52,52",33.5,39.6,27.3,8.22,5,3,1,5,B,否,#5D0B14,#A8635F,#F2F6F5,#253633
giyu-pine,富冈义勇 · 松青,Giyu · Pine Teal,富冈义勇,松青,青,鬼灭之刃,6,#36485F,54,72,95,"54,72,95",30.0,15.8,268.7,9.34,6,5,5,6,B,否,#12273C,#616E81,#F2F6F5,#253633
haku-river,白龙 · 湖水,Haku · River Jade,白龙,湖水,青,千与千寻,1,#57C6D2,87,198,210,"87,198,210",74.2,32.0,209.0,2.02,1,1,3,1,B,是,#179DA9,#A1F0F9,#F1F6F7,#1A373A
haku-river,白龙 · 湖水,Haku · River Jade,白龙,湖水,青,千与千寻,2,#A1ADA7,161,173,167,"161,173,167",69.6,5.6,163.1,2.32,2,6,5,2,B,是,#7A8680,#CFD8D4,#F1F6F7,#1A373A
haku-river,白龙 · 湖水,Haku · River Jade,白龙,湖水,青,千与千寻,3,#558C8E,85,140,142,"85,140,142",54.7,18.8,201.1,3.8,3,2,2,3,B,是,#2D6668,#8AB5B6,#F1F6F7,#1A373A
haku-river,白龙 · 湖水,Haku · River Jade,白龙,湖水,青,千与千寻,4,#006272,0,98,114,"0,98,114",37.8,24.2,221.3,7.02,4,3,4,5,B,是,#003D48,#538895,#F1F6F7,#1A373A
haku-river,白龙 · 湖水,Haku · River Jade,白龙,湖水,青,千与千寻,5,#434A45,67,74,69,"67,74,69",30.7,4.5,153.1,9.11,5,5,6,6,B,是,#222924,#6A706C,#F1F6F7,#1A373A
haku-river,白龙 · 湖水,Haku · River Jade,白龙,湖水,青,千与千寻,6,#C4483A,196,72,58,"196,72,58",47.9,59.7,35.4,4.84,6,4,1,4,B,是,#971B18,#E57E6D,#F1F6F7,#1A373A
muichiro-mist,时透无一郎 · 雾青,Muichiro · Mist Teal,时透无一郎,雾青,青,鬼灭之刃,1,#1F8C9C,31,140,156,"31,140,156",53.4,29.0,215.8,3.97,1,1,3,5,B,是,#006471,#70B4C1,#F1F6F7,#1D363B
muichiro-mist,时透无一郎 · 雾青,Muichiro · Mist Teal,时透无一郎,雾青,青,鬼灭之刃,2,#2D5965,45,89,101,"45,89,101",35.3,16.3,225.3,7.7,2,3,4,6,B,是,#003642,#5F7F89,#F1F6F7,#1D363B
muichiro-mist,时透无一郎 · 雾青,Muichiro · Mist Teal,时透无一郎,雾青,青,鬼灭之刃,3,#6E8C68,110,140,104,"110,140,104",55.1,23.9,138.5,3.74,3,5,1,4,B,是,#496644,#9DB597,#F1F6F7,#1D363B
muichiro-mist,时透无一郎 · 雾青,Muichiro · Mist Teal,时透无一郎,雾青,青,鬼灭之刃,4,#BAB6A8,186,182,168,"186,182,168",74.0,7.7,97.9,2.03,4,6,6,2,B,是,#928E80,#E6E2D7,#F1F6F7,#1D363B
muichiro-mist,时透无一郎 · 雾青,Muichiro · Mist Teal,时透无一郎,雾青,青,鬼灭之刃,5,#8CC0C8,140,192,200,"140,192,200",74.5,17.8,212.3,2.0,5,2,2,1,B,是,#6398A0,#C3EBF1,#F1F6F7,#1D363B
muichiro-mist,时透无一郎 · 雾青,Muichiro · Mist Teal,时透无一郎,雾青,青,鬼灭之刃,6,#999ACA,153,154,202,"153,154,202",65.1,26.7,292.2,2.68,6,4,5,3,B,否,#7173A2,#C6C6ED,#F1F6F7,#1D363B
rem-peacock,蕾姆 · 孔雀,Rem · Peacock Blue,蕾姆,孔雀,青,Re:从零开始的异世界生活,1,#46C3E0,70,195,224,"70,195,224",73.4,35.1,224.3,2.07,1,1,1,2,A,是,#009AB5,#A6EBFF,#F0F6F8,#17373F
rem-peacock,蕾姆 · 孔雀,Rem · Peacock Blue,蕾姆,孔雀,青,Re:从零开始的异世界生活,2,#B9B7B1,185,183,177,"185,183,177",74.4,3.3,96.7,2.01,2,6,4,1,A,是,#918F89,#E5E4DF,#F0F6F8,#17373F
rem-peacock,蕾姆 · 孔雀,Rem · Peacock Blue,蕾姆,孔雀,青,Re:从零开始的异世界生活,3,#748F95,116,143,149,"116,143,149",57.6,10.3,218.0,3.44,3,2,5,3,A,是,#4E696F,#A3B9BE,#F0F6F8,#17373F
rem-peacock,蕾姆 · 孔雀,Rem · Peacock Blue,蕾姆,孔雀,青,Re:从零开始的异世界生活,4,#6479C2,100,121,194,"100,121,194",52.1,42.5,287.0,4.15,4,5,3,4,A,是,#39549A,#97A3DF,#F0F6F8,#17373F
rem-peacock,蕾姆 · 孔雀,Rem · Peacock Blue,蕾姆,孔雀,青,Re:从零开始的异世界生活,5,#256980,37,105,128,"37,105,128",41.3,23.1,235.1,6.16,5,3,2,5,A,是,#004458,#6390A3,#F0F6F8,#17373F
rem-peacock,蕾姆 · 孔雀,Rem · Peacock Blue,蕾姆,孔雀,青,Re:从零开始的异世界生活,6,#45464D,69,70,77,"69,70,77",29.9,4.5,285.6,9.39,6,4,6,6,A,是,#24252C,#6C6C72,#F0F6F8,#17373F
jiyan-windteal,忌炎 · 风主青,Jiyan · Windborne Teal,忌炎,风主青,青,鸣潮,1,#018D8D,1,141,141,"1,141,141",52.9,32.2,196.4,4.04,1,1,3,4,B,是,#006464,#67B5B4,#F1F6F6,#1B3737
jiyan-windteal,忌炎 · 风主青,Jiyan · Windborne Teal,忌炎,风主青,青,鸣潮,2,#84C3BF,132,195,191,"132,195,191",74.6,21.4,191.9,1.99,2,2,2,1,B,是,#5B9A97,#BDEEEA,#F1F6F6,#1B3737
jiyan-windteal,忌炎 · 风主青,Jiyan · Windborne Teal,忌炎,风主青,青,鸣潮,3,#C4A45A,196,164,90,"196,164,90",68.8,42.5,86.5,2.39,3,4,1,2,B,是,#9A7D33,#EDD095,#F1F6F6,#1B3737
jiyan-windteal,忌炎 · 风主青,Jiyan · Windborne Teal,忌炎,风主青,青,鸣潮,4,#9B9D9B,155,157,155,"155,157,155",64.5,1.4,144.4,2.73,4,6,5,3,B,否,#747674,#C7C8C7,#F1F6F6,#1B3737
jiyan-windteal,忌炎 · 风主青,Jiyan · Windborne Teal,忌炎,风主青,青,鸣潮,5,#60606F,96,96,111,"96,96,111",41.2,9.1,291.5,6.18,5,5,6,5,B,否,#3D3D4B,#898895,#F1F6F6,#1B3737
jiyan-windteal,忌炎 · 风主青,Jiyan · Windborne Teal,忌炎,风主青,青,鸣潮,6,#274D4F,39,77,79,"39,77,79",30.2,14.0,202.7,9.29,6,3,4,6,B,是,#002B2D,#567374,#F1F6F6,#1B3737
gojo-sky,五条悟 · 晴空蓝,Gojo · Six-Eyes Sky,五条悟,晴空蓝,蓝,咒术回战,1,#1394CE,19,148,206,"19,148,206",57.8,40.3,253.8,3.41,1,1,2,3,B,是,#006C99,#79BDEC,#F1F5F9,#1C3546
gojo-sky,五条悟 · 晴空蓝,Gojo · Six-Eyes Sky,五条悟,晴空蓝,蓝,咒术回战,2,#85BEDC,133,190,220,"133,190,220",74.2,23.5,242.4,2.02,2,2,1,1,B,是,#5B96B3,#C1E9FF,#F1F5F9,#1C3546
gojo-sky,五条悟 · 晴空蓝,Gojo · Six-Eyes Sky,五条悟,晴空蓝,蓝,咒术回战,3,#B3B6B9,179,182,185,"179,182,185",73.9,1.9,255.8,2.04,3,6,4,2,B,否,#8B8E91,#E0E2E5,#F1F5F9,#1C3546
gojo-sky,五条悟 · 晴空蓝,Gojo · Six-Eyes Sky,五条悟,晴空蓝,蓝,咒术回战,4,#7F8995,127,137,149,"127,137,149",56.7,7.7,262.2,3.55,4,5,5,4,B,是,#59636F,#ABB3BD,#F1F5F9,#1C3546
gojo-sky,五条悟 · 晴空蓝,Gojo · Six-Eyes Sky,五条悟,晴空蓝,蓝,咒术回战,5,#296AA4,41,106,164,"41,106,164",43.4,37.1,269.7,5.69,5,3,3,5,B,是,#004675,#6C92C2,#F1F5F9,#1C3546
gojo-sky,五条悟 · 晴空蓝,Gojo · Six-Eyes Sky,五条悟,晴空蓝,蓝,咒术回战,6,#424754,66,71,84,"66,71,84",30.2,8.5,278.0,9.29,6,4,6,6,B,是,#212632,#696D78,#F1F5F9,#1C3546
rei-pale-blue,绫波丽 · 苍白蓝,Rei · Pale Blue,绫波丽,苍白蓝,蓝,新世纪福音战士,1,#82BFDC,130,191,220,"130,191,220",74.3,24.0,239.4,2.01,1,1,3,2,B,是,#5797B3,#C0EAFF,#F2F5F7,#24353D
rei-pale-blue,绫波丽 · 苍白蓝,Rei · Pale Blue,绫波丽,苍白蓝,蓝,新世纪福音战士,2,#3D7CA0,61,124,160,"61,124,160",49.4,26.9,250.5,4.58,2,3,4,5,B,是,#00577A,#79A4C2,#F2F5F7,#24353D
rei-pale-blue,绫波丽 · 苍白蓝,Rei · Pale Blue,绫波丽,苍白蓝,蓝,新世纪福音战士,3,#7F949F,127,148,159,"127,148,159",60.1,9.7,239.0,3.16,3,2,6,4,B,是,#596E78,#AEBEC7,#F2F5F7,#24353D
rei-pale-blue,绫波丽 · 苍白蓝,Rei · Pale Blue,绫波丽,苍白蓝,蓝,新世纪福音战士,4,#B5B8B9,181,184,185,"181,184,185",74.6,1.2,225.5,2.0,4,6,5,1,B,是,#8D9091,#E2E4E5,#F2F5F7,#24353D
rei-pale-blue,绫波丽 · 苍白蓝,Rei · Pale Blue,绫波丽,苍白蓝,蓝,新世纪福音战士,5,#E8873A,232,135,58,"232,135,58",65.6,63.5,60.5,2.64,5,5,2,3,B,是,#BB600C,#FFBD8F,#F2F5F7,#24353D
rei-pale-blue,绫波丽 · 苍白蓝,Rei · Pale Blue,绫波丽,苍白蓝,蓝,新世纪福音战士,6,#C5394A,197,57,74,"197,57,74",46.0,60.6,22.3,5.17,6,4,1,6,B,是,#980029,#E47479,#F2F5F7,#24353D
ayaka-frost,神里绫华 · 霜蓝,Ayaka · Frost Blue,神里绫华,霜蓝,蓝,原神,1,#73BDFD,115,189,253,"115,189,253",74.3,39.0,262.2,2.01,1,1,3,2,B,是,#4095D3,#CFE6FF,#F2F5F9,#213446
ayaka-frost,神里绫华 · 霜蓝,Ayaka · Frost Blue,神里绫华,霜蓝,蓝,原神,2,#B5B7B9,181,183,185,"181,183,185",74.3,1.3,255.7,2.01,2,6,6,1,B,是,#8D8F91,#E2E3E5,#F2F5F9,#213446
ayaka-frost,神里绫华 · 霜蓝,Ayaka · Frost Blue,神里绫华,霜蓝,蓝,原神,3,#C8657D,200,101,125,"200,101,125",55.1,42.1,6.9,3.74,3,5,1,5,B,否,#9E3D58,#E997A8,#F2F5F9,#213446
ayaka-frost,神里绫华 · 霜蓝,Ayaka · Frost Blue,神里绫华,霜蓝,蓝,原神,4,#A497C6,164,151,198,"164,151,198",65.0,26.6,302.5,2.69,4,4,5,3,B,否,#7C709E,#CFC4EA,#F2F5F9,#213446
ayaka-frost,神里绫华 · 霜蓝,Ayaka · Frost Blue,神里绫华,霜蓝,蓝,原神,5,#6C889E,108,136,158,"108,136,158",55.3,15.6,253.3,3.71,5,2,2,4,B,是,#466278,#9CB2C4,#F2F5F9,#213446
ayaka-frost,神里绫华 · 霜蓝,Ayaka · Frost Blue,神里绫华,霜蓝,蓝,原神,6,#2B5C8C,43,92,140,"43,92,140",38.0,31.4,269.9,6.97,6,3,4,6,B,是,#003962,#6583AB,#F2F5F9,#213446
ganyu-glacier,甘雨 · 冰蓝,Ganyu · Glacier Blue,甘雨,冰蓝,蓝,原神,1,#5586CB,85,134,203,"85,134,203",55.4,40.9,275.8,3.71,1,1,3,3,A,是,#2061A3,#91B0E8,#F3F5FA,#273347
ganyu-glacier,甘雨 · 冰蓝,Ganyu · Glacier Blue,甘雨,冰蓝,蓝,原神,2,#9BBADF,155,186,223,"155,186,223",74.5,22.0,264.9,2.0,2,2,2,1,A,是,#7292B6,#D2E6FF,#F3F5FA,#273347
ganyu-glacier,甘雨 · 冰蓝,Ganyu · Glacier Blue,甘雨,冰蓝,蓝,原神,3,#8A8F96,138,143,150,"138,143,150",59.2,4.4,264.9,3.26,3,6,6,2,A,是,#646970,#B6BABF,#F3F5FA,#273347
ganyu-glacier,甘雨 · 冰蓝,Ganyu · Glacier Blue,甘雨,冰蓝,蓝,原神,4,#C34759,195,71,89,"195,71,89",48.0,53.4,17.9,4.81,4,5,1,4,A,是,#981836,#E37E86,#F3F5FA,#273347
ganyu-glacier,甘雨 · 冰蓝,Ganyu · Glacier Blue,甘雨,冰蓝,蓝,原神,5,#766987,118,105,135,"118,105,135",46.6,18.6,307.8,5.07,5,4,5,5,A,是,#514562,#9E93AC,#F3F5FA,#273347
ganyu-glacier,甘雨 · 冰蓝,Ganyu · Glacier Blue,甘雨,冰蓝,蓝,原神,6,#33466E,51,70,110,"51,70,110",29.9,26.0,281.3,9.37,6,3,4,6,A,是,#08254A,#606C8E,#F3F5FA,#273347
link-champion,林克 · 苍蓝,Link · Champion Blue,林克,苍蓝,蓝,塞尔达传说,1,#327EBF,50,126,191,"50,126,191",51.1,40.7,268.3,4.31,1,1,4,4,A,是,#005990,#7AA7DC,#F2F5FA,#233447
link-champion,林克 · 苍蓝,Link · Champion Blue,林克,苍蓝,蓝,塞尔达传说,2,#9ABAD4,154,186,212,"154,186,212",74.0,17.3,253.6,2.03,2,2,3,2,A,是,#7292AB,#CDE6FB,#F2F5FA,#233447
link-champion,林克 · 苍蓝,Link · Champion Blue,林克,苍蓝,蓝,塞尔达传说,3,#98958A,152,149,138,"152,149,138",61.7,6.3,98.5,3.0,3,6,6,3,A,是,#716F64,#C2C0B7,#F2F5FA,#233447
link-champion,林克 · 苍蓝,Link · Champion Blue,林克,苍蓝,蓝,塞尔达传说,4,#D0B560,208,181,96,"208,181,96",74.4,46.4,91.1,2.01,4,3,2,1,A,是,#A58D38,#FBE29E,#F2F5FA,#233447
link-champion,林克 · 苍蓝,Link · Champion Blue,林克,苍蓝,蓝,塞尔达传说,5,#7E5F40,126,95,64,"126,95,64",42.7,24.1,69.5,5.84,5,4,1,5,A,是,#583C1E,#A4886F,#F2F5FA,#233447
link-champion,林克 · 苍蓝,Link · Champion Blue,林克,苍蓝,蓝,塞尔达传说,6,#354862,53,72,98,"53,72,98",30.1,17.6,271.0,9.31,6,5,5,6,A,是,#10273F,#616E84,#F2F5FA,#233447
taki-night-indigo,泷 · 夜靛,Taki · Night Indigo,泷,夜靛,蓝,你的名字,1,#1F467E,31,70,126,"31,70,126",29.9,36.4,281.1,9.39,1,1,4,6,A,是,#002550,#586C9B,#F4F5F9,#2B3245
taki-night-indigo,泷 · 夜靛,Taki · Night Indigo,泷,夜靛,蓝,你的名字,2,#5F6471,95,100,113,"95,100,113",42.4,8.0,277.3,5.92,2,3,6,5,A,是,#3C414D,#888C97,#F4F5F9,#2B3245
taki-night-indigo,泷 · 夜靛,Taki · Night Indigo,泷,夜靛,蓝,你的名字,3,#5B86B2,91,134,178,"91,134,178",54.5,27.8,265.1,3.82,3,2,2,4,A,是,#30618B,#91AFD3,#F4F5F9,#2B3245
taki-night-indigo,泷 · 夜靛,Taki · Night Indigo,泷,夜靛,蓝,你的名字,4,#9DB9E5,157,185,229,"157,185,229",74.5,25.1,271.5,2.0,4,4,3,1,A,是,#7491BC,#D6E5FF,#F4F5F9,#2B3245
taki-night-indigo,泷 · 夜靛,Taki · Night Indigo,泷,夜靛,蓝,你的名字,5,#96999C,150,153,156,"150,153,156",63.1,2.0,255.9,2.86,5,6,5,2,A,是,#707275,#C2C4C7,#F4F5F9,#2B3245
taki-night-indigo,泷 · 夜靛,Taki · Night Indigo,泷,夜靛,蓝,你的名字,6,#C46E5A,196,110,90,"196,110,90",55.7,41.3,39.1,3.67,6,5,1,3,A,是,#994836,#E79E8C,#F4F5F9,#2B3245
cloud-soldier,克劳德 · 军蓝,Cloud · Soldier Blue,克劳德,军蓝,蓝,最终幻想VII,1,#294771,41,71,113,"41,71,113",29.8,27.7,276.5,9.4,1,1,5,6,A,是,#00264C,#5B6D90,#F4F5F8,#2C3341
cloud-soldier,克劳德 · 军蓝,Cloud · Soldier Blue,克劳德,军蓝,蓝,最终幻想VII,2,#6B5A48,107,90,72,"107,90,72",39.4,13.6,73.1,6.6,2,5,1,5,A,是,#473726,#918273,#F4F5F8,#2C3341
cloud-soldier,克劳德 · 军蓝,Cloud · Soldier Blue,克劳德,军蓝,蓝,最终幻想VII,3,#6882A5,104,130,165,"104,130,165",53.6,21.6,269.1,3.94,3,2,4,4,A,是,#415D7E,#98ACC8,#F4F5F8,#2C3341
cloud-soldier,克劳德 · 军蓝,Cloud · Soldier Blue,克劳德,军蓝,蓝,最终幻想VII,4,#34C3F9,52,195,249,"52,195,249",73.9,41.8,242.6,2.03,4,3,3,3,A,是,#0099C8,#C0E8FF,#F4F5F8,#2C3341
cloud-soldier,克劳德 · 军蓝,Cloud · Soldier Blue,克劳德,军蓝,蓝,最终幻想VII,5,#B6B8BB,182,184,187,"182,184,187",74.7,1.8,265.8,1.99,5,6,6,1,A,是,#8E9093,#E3E5E7,#F4F5F8,#2C3341
cloud-soldier,克劳德 · 军蓝,Cloud · Soldier Blue,克劳德,军蓝,蓝,最终幻想VII,6,#D0B55C,208,181,92,"208,181,92",74.3,48.3,91.5,2.01,6,4,2,2,A,是,#A58D34,#FBE29B,#F4F5F8,#2C3341
ichika-leoneed,星乃一歌 · 电光蓝,Ichika · Leo/need Blue,星乃一歌,电光蓝,蓝,世界计划,1,#3C50D7,60,80,215,"60,80,215",40.6,80.8,297.9,6.32,1,1,5,6,A,是,#0030A1,#7F7BE9,#F6F4FD,#302E57
ichika-leoneed,星乃一歌 · 电光蓝,Ichika · Leo/need Blue,星乃一歌,电光蓝,蓝,世界计划,2,#0096D8,0,150,216,"0,150,216",58.8,43.8,257.7,3.3,2,2,4,4,A,是,#006EA1,#7ABFF5,#F6F4FD,#302E57
ichika-leoneed,星乃一歌 · 电光蓝,Ichika · Leo/need Blue,星乃一歌,电光蓝,蓝,世界计划,3,#B4B7C1,180,183,193,"180,183,193",74.5,5.5,279.3,2.0,3,6,6,1,A,是,#8C8F99,#E1E4EC,#F6F4FD,#302E57
ichika-leoneed,星乃一歌 · 电光蓝,Ichika · Leo/need Blue,星乃一歌,电光蓝,蓝,世界计划,4,#31CE95,49,206,149,"49,206,149",74.2,55.7,162.0,2.02,4,5,3,3,A,是,#00A371,#8DF7C8,#F6F4FD,#302E57
ichika-leoneed,星乃一歌 · 电光蓝,Ichika · Leo/need Blue,星乃一歌,电光蓝,蓝,世界计划,5,#D9B30D,217,179,13,"217,179,13",74.2,75.0,89.7,2.02,5,3,2,2,A,是,#AA8C00,#FFE08F,#F6F4FD,#302E57
ichika-leoneed,星乃一歌 · 电光蓝,Ichika · Leo/need Blue,星乃一歌,电光蓝,蓝,世界计划,6,#D64F52,214,79,82,"214,79,82",52.4,59.6,26.9,4.12,6,4,1,5,A,是,#A9212F,#F68783,#F6F4FD,#302E57
saber-knightblue,阿尔托莉雅 · 骑士蓝金,Artoria · Knight Blue,阿尔托莉雅,骑士蓝金,蓝,Fate/Grand Order,1,#4F72C4,79,114,196,"79,114,196",49.1,48.4,285.3,4.63,1,1,3,4,A,是,#174E9C,#899BDF,#F4F5FA,#2B324A
saber-knightblue,阿尔托莉雅 · 骑士蓝金,Artoria · Knight Blue,阿尔托莉雅,骑士蓝金,蓝,Fate/Grand Order,2,#34437B,52,67,123,"52,67,123",29.8,35.8,289.5,9.4,2,3,4,6,A,是,#022357,#636A99,#F4F5FA,#2B324A
saber-knightblue,阿尔托莉雅 · 骑士蓝金,Artoria · Knight Blue,阿尔托莉雅,骑士蓝金,蓝,Fate/Grand Order,3,#4C4E51,76,78,81,"76,78,81",33.1,2.1,266.1,8.35,3,6,6,5,A,是,#2A2C2F,#737577,#F4F5FA,#2B324A
saber-knightblue,阿尔托莉雅 · 骑士蓝金,Artoria · Knight Blue,阿尔托莉雅,骑士蓝金,蓝,Fate/Grand Order,4,#88A7DC,136,167,220,"136,167,220",68.0,30.3,274.6,2.44,4,2,2,3,A,是,#5F80B3,#BCD2FE,#F4F5FA,#2B324A
saber-knightblue,阿尔托莉雅 · 骑士蓝金,Artoria · Knight Blue,阿尔托莉雅,骑士蓝金,蓝,Fate/Grand Order,5,#B5B7BA,181,183,186,"181,183,186",74.3,1.8,265.8,2.01,5,5,5,2,A,是,#8D8F92,#E2E3E6,#F4F5FA,#2B324A
saber-knightblue,阿尔托莉雅 · 骑士蓝金,Artoria · Knight Blue,阿尔托莉雅,骑士蓝金,蓝,Fate/Grand Order,6,#D4B45A,212,180,90,"212,180,90",74.4,49.4,89.0,2.0,6,4,1,1,A,是,#A98C31,#FEE19A,#F4F5FA,#2B324A
raiden-electro,雷电将军 · 雷紫,Raiden · Electro Violet,雷电将军,雷紫,紫,原神,1,#886CD4,136,108,212,"136,108,212",52.6,60.7,304.6,4.08,1,1,1,3,A,是,#5F47AC,#B49AEE,#F6F4FB,#372D4C
raiden-electro,雷电将军 · 雷紫,Raiden · Electro Violet,雷电将军,雷紫,紫,原神,2,#BDA5F0,189,165,240,"189,165,240",72.2,41.7,304.6,2.14,2,2,2,2,A,是,#947DC7,#E5D7FF,#F6F4FB,#372D4C
raiden-electro,雷电将军 · 雷紫,Raiden · Electro Violet,雷电将军,雷紫,紫,原神,3,#B6B2BD,182,178,189,"182,178,189",73.2,6.2,304.5,2.08,3,6,5,1,A,是,#8E8A95,#E2DFE8,#F6F4FB,#372D4C
raiden-electro,雷电将军 · 雷紫,Raiden · Electro Violet,雷电将军,雷紫,紫,原神,4,#A16D8D,161,109,141,"161,109,141",52.3,27.3,340.5,4.13,4,5,4,4,A,是,#7A4867,#C59AB4,#F6F4FB,#372D4C
raiden-electro,雷电将军 · 雷紫,Raiden · Electro Violet,雷电将军,雷紫,紫,原神,5,#5C3F8E,92,63,142,"92,63,142",33.5,50.0,307.9,8.21,5,3,3,5,A,是,#351D69,#846AAA,#F6F4FB,#372D4C
raiden-electro,雷电将军 · 雷紫,Raiden · Electro Violet,雷电将军,雷紫,紫,原神,6,#484552,72,69,82,"72,69,82",30.0,8.4,300.2,9.34,6,4,6,6,A,是,#272430,#6E6C76,#F6F4FB,#372D4C
eva01-violet-lime,初号机 · 紫萤,EVA-01 · Violet & Lime,初号机,紫萤,紫,新世纪福音战士,1,#824CC5,130,76,197,"130,76,197",44.2,72.4,310.6,5.54,1,1,5,5,A,是,#58259D,#AA7CDD,#F8F3FB,#3C2B4F
eva01-violet-lime,初号机 · 紫萤,EVA-01 · Violet & Lime,初号机,紫萤,紫,新世纪福音战士,2,#503F64,80,63,100,"80,63,100",29.9,24.7,309.5,9.39,2,3,4,6,A,是,#2D1E41,#756785,#F8F3FB,#3C2B4F
eva01-violet-lime,初号机 · 紫萤,EVA-01 · Violet & Lime,初号机,紫萤,紫,新世纪福音战士,3,#A989D6,169,137,214,"169,137,214",62.7,44.5,308.1,2.9,3,2,3,3,A,是,#8163AE,#D2B7F6,#F8F3FB,#3C2B4F
eva01-violet-lime,初号机 · 紫萤,EVA-01 · Violet & Lime,初号机,紫萤,紫,新世纪福音战士,4,#B9B4C0,185,180,192,"185,180,192",74.0,6.8,306.4,2.03,4,6,6,2,A,是,#918C98,#E5E1EB,#F8F3FB,#3C2B4F
eva01-violet-lime,初号机 · 紫萤,EVA-01 · Violet & Lime,初号机,紫萤,紫,新世纪福音战士,5,#7F8E4F,127,142,79,"127,142,79",56.5,35.5,116.7,3.57,5,5,1,4,A,是,#58682A,#ACB784,#F8F3FB,#3C2B4F
eva01-violet-lime,初号机 · 紫萤,EVA-01 · Violet & Lime,初号机,紫萤,紫,新世纪福音战士,6,#83CA20,131,202,32,"131,202,32",74.3,83.0,123.7,2.01,6,4,2,1,A,是,#609F00,#C0F478,#F8F3FB,#3C2B4F
howl-iridescent,哈尔 · 金蓝虹,Howl · Iridescent Gold,哈尔,金蓝虹,粉,哈尔的移动城堡,1,#DF72A6,223,114,166,"223,114,166",62.1,49.0,350.3,2.96,1,1,5,3,A,是,#B5497F,#FFA7CE,#FAF3F6,#482937
howl-iridescent,哈尔 · 金蓝虹,Howl · Iridescent Gold,哈尔,金蓝虹,粉,哈尔的移动城堡,2,#C0B7A5,192,183,165,"192,183,165",74.7,10.3,89.4,1.99,2,6,6,1,A,是,#988F7D,#EBE4D5,#FAF3F6,#482937
howl-iridescent,哈尔 · 金蓝虹,Howl · Iridescent Gold,哈尔,金蓝虹,粉,哈尔的移动城堡,3,#977900,151,121,0,"151,121,0",52.1,57.9,88.3,4.16,3,3,1,5,A,是,#6B5500,#C1A353,#FAF3F6,#482937
howl-iridescent,哈尔 · 金蓝虹,Howl · Iridescent Gold,哈尔,金蓝虹,粉,哈尔的移动城堡,4,#578B6C,87,139,108,"87,139,108",53.6,27.0,155.5,3.95,4,5,2,4,A,是,#316548,#8AB39A,#FAF3F6,#482937
howl-iridescent,哈尔 · 金蓝虹,Howl · Iridescent Gold,哈尔,金蓝虹,粉,哈尔的移动城堡,5,#77BDE0,119,189,224,"119,189,224",73.3,27.5,242.3,2.07,5,4,3,2,A,是,#4A95B7,#BCE7FF,#FAF3F6,#482937
howl-iridescent,哈尔 · 金蓝虹,Howl · Iridescent Gold,哈尔,金蓝虹,粉,哈尔的移动城堡,6,#346595,52,101,149,"52,101,149",41.5,31.2,268.6,6.1,6,2,4,6,A,是,#00426D,#6E8CB4,#FAF3F6,#482937
violet-evergarden,薇尔莉特 · 紫罗兰,Violet · Violet Bloom,薇尔莉特,紫罗兰,紫,紫罗兰永恒花园,1,#916F95,145,111,149,"145,111,149",51.3,25.6,322.8,4.28,1,1,5,5,B,是,#6B4A6F,#B79BBA,#F7F4F7,#392F3B
violet-evergarden,薇尔莉特 · 紫罗兰,Violet · Violet Bloom,薇尔莉特,紫罗兰,紫,紫罗兰永恒花园,2,#633373,99,51,115,"99,51,115",30.1,43.3,319.5,9.33,2,3,3,6,B,是,#3E0E4F,#865F92,#F7F4F7,#392F3B
violet-evergarden,薇尔莉特 · 紫罗兰,Violet · Violet Bloom,薇尔莉特,紫罗兰,紫,紫罗兰永恒花园,3,#3684D7,54,132,215,"54,132,215",54.2,49.6,275.1,3.86,3,5,2,4,B,是,#005FA5,#82ADF1,#F7F4F7,#392F3B
violet-evergarden,薇尔莉特 · 紫罗兰,Violet · Violet Bloom,薇尔莉特,紫罗兰,紫,紫罗兰永恒花园,4,#DBA1E7,219,161,231,"219,161,231",73.8,42.8,321.0,2.05,4,2,4,3,B,是,#B179BE,#F9D7FF,#F7F4F7,#392F3B
violet-evergarden,薇尔莉特 · 紫罗兰,Violet · Violet Bloom,薇尔莉特,紫罗兰,紫,紫罗兰永恒花园,5,#BBB6AE,187,182,174,"187,182,174",74.2,4.7,85.9,2.02,5,6,6,1,B,是,#938E86,#E7E3DC,#F7F4F7,#392F3B
violet-evergarden,薇尔莉特 · 紫罗兰,Violet · Violet Bloom,薇尔莉特,紫罗兰,紫,紫罗兰永恒花园,6,#D7B258,215,178,88,"215,178,88",74.2,50.3,86.6,2.02,6,4,1,2,B,是,#AC8A2F,#FFDF9E,#F7F4F7,#392F3B
yinlin-violetgold,吟霖 · 紫金雷,Yinlin · Violet Gold,吟霖,紫金雷,紫,鸣潮,1,#8E53BB,142,83,187,"142,83,187",46.3,63.2,313.9,5.12,1,1,3,5,A,是,#662D94,#B483D6,#F8F3FA,#3D2B4A
yinlin-violetgold,吟霖 · 紫金雷,Yinlin · Violet Gold,吟霖,紫金雷,紫,鸣潮,2,#543E64,84,62,100,"84,62,100",30.0,25.8,313.4,9.33,2,3,2,6,A,是,#311D41,#796686,#F8F3FA,#3D2B4A
yinlin-violetgold,吟霖 · 紫金雷,Yinlin · Violet Gold,吟霖,紫金雷,紫,鸣潮,3,#6E7283,110,114,131,"110,114,131",48.2,10.1,282.9,4.78,3,5,6,4,A,是,#4A4E5E,#989BA9,#F8F3FA,#3D2B4A
yinlin-violetgold,吟霖 · 紫金雷,Yinlin · Violet Gold,吟霖,紫金雷,紫,鸣潮,4,#AF8DC5,175,141,197,"175,141,197",63.5,33.6,314.0,2.82,4,2,4,3,A,是,#87669D,#D7BBE8,#F8F3FA,#3D2B4A
yinlin-violetgold,吟霖 · 紫金雷,Yinlin · Violet Gold,吟霖,紫金雷,紫,鸣潮,5,#B9B5BD,185,181,189,"185,181,189",74.2,4.6,309.2,2.02,5,6,5,2,A,是,#918D95,#E5E2E8,#F8F3FA,#3D2B4A
yinlin-violetgold,吟霖 · 紫金雷,Yinlin · Violet Gold,吟霖,紫金雷,紫,鸣潮,6,#D4B45A,212,180,90,"212,180,90",74.4,49.4,89.0,2.0,6,4,1,1,A,是,#A98C31,#FEE19A,#F8F3FA,#3D2B4A
amiya-originium,阿米娅 · 源石紫,Amiya · Originium Violet,阿米娅,源石紫,紫,明日方舟,1,#6053C0,96,83,192,"96,83,192",42.0,65.4,301.5,6.01,1,1,3,5,A,是,#323099,#907FD8,#F6F4FB,#352E4F
amiya-originium,阿米娅 · 源石紫,Amiya · Originium Violet,阿米娅,源石紫,紫,明日方舟,2,#4A4167,74,65,103,"74,65,103",30.0,24.7,302.2,9.36,2,3,4,6,A,是,#272044,#716888,#F6F4FB,#352E4F
amiya-originium,阿米娅 · 源石紫,Amiya · Originium Violet,阿米娅,源石紫,紫,明日方舟,3,#6F798A,111,121,138,"111,121,138",50.6,10.5,270.8,4.4,3,5,6,4,A,是,#4A5465,#9BA2B0,#F6F4FB,#352E4F
amiya-originium,阿米娅 · 源石紫,Amiya · Originium Violet,阿米娅,源石紫,紫,明日方舟,4,#9B91D1,155,145,209,"155,145,209",63.2,36.1,299.1,2.85,4,2,2,3,A,是,#736BA9,#C7BEF2,#F6F4FB,#352E4F
amiya-originium,阿米娅 · 源石紫,Amiya · Originium Violet,阿米娅,源石紫,紫,明日方舟,5,#B8B6C0,184,182,192,"184,182,192",74.5,5.5,298.3,2.0,5,6,5,1,A,是,#908E98,#E4E3EB,#F6F4FB,#352E4F
amiya-originium,阿米娅 · 源石紫,Amiya · Originium Violet,阿米娅,源石紫,紫,明日方舟,6,#D4B048,212,176,72,"212,176,72",73.2,56.4,88.2,2.08,6,4,1,2,A,是,#A8881B,#FFDD8C,#F6F4FB,#352E4F
nezuko-crimson-pink,祢豆子 · 绯粉,Nezuko · Crimson Pink,祢豆子,绯粉,粉,鬼灭之刃,1,#E93F6E,233,63,110,"233,63,110",54.0,68.4,11.0,3.89,1,1,1,4,C,是,#B9004A,#FF869C,#FEF2F4,#53232D
nezuko-crimson-pink,祢豆子 · 绯粉,Nezuko · Crimson Pink,祢豆子,绯粉,粉,鬼灭之刃,2,#F1A0B9,241,160,185,"241,160,185",74.4,33.4,359.2,2.01,2,2,5,2,C,是,#C77891,#FFDAE4,#FEF2F4,#53232D
nezuko-crimson-pink,祢豆子 · 绯粉,Nezuko · Crimson Pink,祢豆子,绯粉,粉,鬼灭之刃,3,#C8B4A1,200,180,161,"200,180,161",74.5,13.0,71.7,2.0,3,6,3,1,C,否,#9F8C7A,#F2E1D2,#FEF2F4,#53232D
nezuko-crimson-pink,祢豆子 · 绯粉,Nezuko · Crimson Pink,祢豆子,绯粉,粉,鬼灭之刃,4,#E4703C,228,112,60,"228,112,60",60.3,64.0,49.5,3.14,4,3,2,3,C,是,#B74815,#FFA780,#FEF2F4,#53232D
nezuko-crimson-pink,祢豆子 · 绯粉,Nezuko · Crimson Pink,祢豆子,绯粉,粉,鬼灭之刃,5,#903159,144,49,89,"144,49,89",35.7,43.8,357.0,7.58,5,4,4,5,C,是,#680037,#B0647F,#FEF2F4,#53232D
nezuko-crimson-pink,祢豆子 · 绯粉,Nezuko · Crimson Pink,祢豆子,绯粉,粉,鬼灭之刃,6,#4F4449,79,68,73,"79,68,73",30.1,5.8,347.3,9.31,6,5,6,6,C,否,#2D2328,#746B6F,#FEF2F4,#53232D
march7-sakura-ice,三月七 · 樱冰,March 7th · Sakura Ice,三月七,樱冰,粉,崩坏：星穹铁道,1,#DF81AA,223,129,170,"223,129,170",65.2,41.7,351.9,2.67,1,1,4,3,C,是,#B55983,#FFB4D3,#FAF3F6,#462B36
march7-sakura-ice,三月七 · 樱冰,March 7th · Sakura Ice,三月七,樱冰,粉,崩坏：星穹铁道,2,#A64575,166,69,117,"166,69,117",43.7,45.8,350.6,5.63,2,5,3,6,C,否,#7D1A51,#C6789B,#FAF3F6,#462B36
march7-sakura-ice,三月七 · 樱冰,March 7th · Sakura Ice,三月七,樱冰,粉,崩坏：星穹铁道,3,#8D7B82,141,123,130,"141,123,130",53.4,8.3,351.3,3.97,3,2,6,4,C,否,#67565D,#B5A6AB,#FAF3F6,#462B36
march7-sakura-ice,三月七 · 樱冰,March 7th · Sakura Ice,三月七,樱冰,粉,崩坏：星穹铁道,4,#BAB8B9,186,184,185,"186,184,185",75.0,0.9,343.7,1.97,4,6,5,1,C,否,#929091,#E6E5E5,#FAF3F6,#462B36
march7-sakura-ice,三月七 · 樱冰,March 7th · Sakura Ice,三月七,樱冰,粉,崩坏：星穹铁道,5,#78BDDD,120,189,221,"120,189,221",73.3,26.4,239.6,2.07,5,3,1,2,C,否,#4B95B4,#B9E7FF,#FAF3F6,#462B36
march7-sakura-ice,三月七 · 樱冰,March 7th · Sakura Ice,三月七,樱冰,粉,崩坏：星穹铁道,6,#3E6B9E,62,107,158,"62,107,158",44.2,32.3,271.2,5.52,6,4,2,5,C,是,#034778,#7693BD,#FAF3F6,#462B36
aerith-rose-sage,爱丽丝 · 玫粉鼠尾草,Aerith · Rose & Sage,爱丽丝,玫粉鼠尾草,粉,最终幻想VII,1,#C95B7C,201,91,124,"201,91,124",53.3,47.1,3.7,3.98,1,1,2,3,B,是,#9F3257,#E98FA6,#FBF3F5,#4A2931
aerith-rose-sage,爱丽丝 · 玫粉鼠尾草,Aerith · Rose & Sage,爱丽丝,玫粉鼠尾草,粉,最终幻想VII,2,#ECA8BA,236,168,186,"236,168,186",75.7,27.6,1.7,1.93,2,2,1,1,B,是,#C28092,#FFDFE7,#FBF3F5,#4A2931
aerith-rose-sage,爱丽丝 · 玫粉鼠尾草,Aerith · Rose & Sage,爱丽丝,玫粉鼠尾草,粉,最终幻想VII,3,#9E9698,158,150,152,"158,150,152",62.8,3.3,360.0,2.89,3,6,6,2,B,否,#777072,#C8C1C3,#FBF3F5,#4A2931
aerith-rose-sage,爱丽丝 · 玫粉鼠尾草,Aerith · Rose & Sage,爱丽丝,玫粉鼠尾草,粉,最终幻想VII,4,#408E52,64,142,82,"64,142,82",53.0,45.2,146.6,4.03,4,4,5,4,B,否,#0E672E,#7BB684,#FBF3F5,#4A2931
aerith-rose-sage,爱丽丝 · 玫粉鼠尾草,Aerith · Rose & Sage,爱丽丝,玫粉鼠尾草,粉,最终幻想VII,5,#775D4C,119,93,76,"119,93,76",41.6,16.0,60.0,6.08,5,5,4,5,B,否,#523A2A,#9D8678,#FBF3F5,#4A2931
aerith-rose-sage,爱丽丝 · 玫粉鼠尾草,Aerith · Rose & Sage,爱丽丝,玫粉鼠尾草,粉,最终幻想VII,6,#AF212B,175,33,43,"175,33,43",38.5,64.0,29.6,6.83,6,3,3,6,B,是,#790012,#CF605A,#FBF3F5,#4A2931
acheron-magenta,黄泉 · 洋红雷,Acheron · Nihility Magenta,黄泉,洋红雷,粉,崩坏：星穹铁道,1,#C93DA1,201,61,161,"201,61,161",49.9,68.8,339.5,4.5,1,1,4,4,B,是,#9D007A,#E77CC3,#FBF3F8,#4C253F
acheron-magenta,黄泉 · 洋红雷,Acheron · Nihility Magenta,黄泉,洋红雷,粉,崩坏：星穹铁道,2,#4A435C,74,67,92,"74,67,92",30.0,16.3,302.8,9.34,2,3,3,6,B,是,#282239,#706A7F,#FBF3F8,#4C253F
acheron-magenta,黄泉 · 洋红雷,Acheron · Nihility Magenta,黄泉,洋红雷,粉,崩坏：星穹铁道,3,#8C3A47,140,58,71,"140,58,71",36.1,37.4,15.0,7.47,3,6,1,5,B,是,#641226,#AD6970,#FBF3F8,#4C253F
acheron-magenta,黄泉 · 洋红雷,Acheron · Nihility Magenta,黄泉,洋红雷,粉,崩坏：星穹铁道,4,#F09ED0,240,158,208,"240,158,208",74.5,39.8,341.0,2.0,4,2,5,2,B,是,#C675A7,#FFDAEF,#FBF3F8,#4C253F
acheron-magenta,黄泉 · 洋红雷,Acheron · Nihility Magenta,黄泉,洋红雷,粉,崩坏：星穹铁道,5,#989699,152,150,153,"152,150,153",62.3,1.9,314.7,2.93,5,4,6,3,B,是,#727072,#C3C1C4,#FBF3F8,#4C253F
acheron-magenta,黄泉 · 洋红雷,Acheron · Nihility Magenta,黄泉,洋红雷,粉,崩坏：星穹铁道,6,#D8B35B,216,179,91,"216,179,91",74.6,49.3,86.4,2.0,6,5,2,1,B,是,#AD8B33,#FFE1A3,#FBF3F8,#4C253F
noface-ink-gray,无脸男 · 墨灰,No-Face · Ink Gray,无脸男,墨灰,中性,千与千寻,1,#303038,48,48,56,"48,48,56",20.2,5.4,291.5,13.08,1,1,6,6,B,是,#111019,#55545B,#F5F5F5,#323235
noface-ink-gray,无脸男 · 墨灰,No-Face · Ink Gray,无脸男,墨灰,中性,千与千寻,2,#4F4F5F,79,79,95,"79,79,95",34.1,10.0,291.9,8.03,2,2,5,5,B,否,#2D2D3C,#767684,#F5F5F5,#323235
noface-ink-gray,无脸男 · 墨灰,No-Face · Ink Gray,无脸男,墨灰,中性,千与千寻,3,#765D84,118,93,132,"118,93,132",43.3,25.3,315.1,5.72,3,6,1,4,B,否,#513A5F,#9C87A7,#F5F5F5,#323235
noface-ink-gray,无脸男 · 墨灰,No-Face · Ink Gray,无脸男,墨灰,中性,千与千寻,4,#7B7B8B,123,123,139,"123,123,139",52.1,9.3,291.3,4.16,4,3,4,3,B,是,#565665,#A5A5B2,#F5F5F5,#323235
noface-ink-gray,无脸男 · 墨灰,No-Face · Ink Gray,无脸男,墨灰,中性,千与千寻,5,#959599,149,149,153,"149,149,153",61.8,2.2,290.4,2.98,5,5,3,2,B,否,#6F6F73,#C0C0C3,#F5F5F5,#323235
noface-ink-gray,无脸男 · 墨灰,No-Face · Ink Gray,无脸男,墨灰,中性,千与千寻,6,#B6B6C5,182,182,197,"182,182,197",74.5,8.1,290.9,2.0,6,4,2,1,B,是,#8E8E9D,#E3E3EF,#F5F5F5,#323235
2b-achromatic,2B · 素墨,2B · Achromatic Ink,2B,素墨,中性,尼尔：机械纪元,1,#303035,48,48,53,"48,48,53",20.0,3.4,291.0,13.13,1,1,6,6,A,是,#111016,#545459,#F5F5F5,#323234
2b-achromatic,2B · 素墨,2B · Achromatic Ink,2B,素墨,中性,尼尔：机械纪元,2,#5A5A67,90,90,103,"90,90,103",38.7,8.0,291.4,6.79,2,2,5,5,A,是,#373744,#82828D,#F5F5F5,#323234
2b-achromatic,2B · 素墨,2B · Achromatic Ink,2B,素墨,中性,尼尔：机械纪元,3,#81818D,129,129,141,"129,129,141",54.3,6.9,291.0,3.85,3,3,4,3,A,是,#5C5C67,#ABABB5,#F5F5F5,#323234
2b-achromatic,2B · 素墨,2B · Achromatic Ink,2B,素墨,中性,尼尔：机械纪元,4,#C7C5C2,199,197,194,"199,197,194",79.6,1.8,85.1,1.72,4,4,2,1,A,是,#9E9C99,#F4F2F0,#F5F5F5,#323234
2b-achromatic,2B · 素墨,2B · Achromatic Ink,2B,素墨,中性,尼尔：机械纪元,5,#999487,153,148,135,"153,148,135",61.4,7.5,93.9,3.03,5,5,3,2,A,是,#726E61,#C3BFB4,#F5F5F5,#323234
2b-achromatic,2B · 素墨,2B · Achromatic Ink,2B,素墨,中性,尼尔：机械纪元,6,#83714F,131,113,79,"131,113,79",48.5,21.6,85.1,4.73,6,6,1,4,A,是,#5D4D2C,#AB9B7F,#F5F5F5,#323234
kakashi-silver-navy,卡卡西 · 银藏,Kakashi · Silver & Navy,卡卡西,银藏,中性,火影忍者,1,#8E98A4,142,152,164,"142,152,164",62.4,7.6,262.0,2.93,1,1,5,2,A,是,#68727D,#BBC3CD,#F4F5F6,#303336
kakashi-silver-navy,卡卡西 · 银藏,Kakashi · Silver & Navy,卡卡西,银藏,中性,火影忍者,2,#BFC1C2,191,193,194,"191,193,194",77.9,0.9,235.8,1.81,2,6,4,1,A,是,#97999A,#ECEEEF,#F4F5F6,#303336
kakashi-silver-navy,卡卡西 · 银藏,Kakashi · Silver & Navy,卡卡西,银藏,中性,火影忍者,3,#727578,114,117,120,"114,117,120",49.1,2.1,256.0,4.63,3,2,6,3,A,是,#4E5153,#9C9EA1,#F4F5F6,#303336
kakashi-silver-navy,卡卡西 · 银藏,Kakashi · Silver & Navy,卡卡西,银藏,中性,火影忍者,4,#516E90,81,110,144,"81,110,144",45.5,21.9,267.2,5.27,4,4,2,4,A,是,#2A4A6A,#8196B2,#F4F5F6,#303336
kakashi-silver-navy,卡卡西 · 银藏,Kakashi · Silver & Navy,卡卡西,银藏,中性,火影忍者,5,#3B475C,59,71,92,"59,71,92",29.9,14.0,274.0,9.37,5,3,3,6,A,是,#192639,#646D7F,#F4F5F6,#303336
kakashi-silver-navy,卡卡西 · 银藏,Kakashi · Silver & Navy,卡卡西,银藏,中性,火影忍者,6,#B14A3A,177,74,58,"177,74,58",45.0,51.0,36.6,5.37,6,5,1,5,A,是,#862218,#D37C6B,#F4F5F6,#303336
nyanko-fortune,猫咪老师 · 招财米,Nyanko-sensei · Fortune Beige,猫咪老师,招财米,中性,夏目友人帐,1,#A89263,168,146,99,"168,146,99",61.5,28.0,87.0,3.02,1,1,3,3,A,是,#806C3E,#D1BD97,#F7F5F2,#393224
nyanko-fortune,猫咪老师 · 招财米,Nyanko-sensei · Fortune Beige,猫咪老师,招财米,中性,夏目友人帐,2,#E6AD3F,230,173,63,"230,173,63",74.2,62.7,80.3,2.02,2,5,2,2,A,是,#B9850A,#FFDEAF,#F7F5F2,#393224
nyanko-fortune,猫咪老师 · 招财米,Nyanko-sensei · Fortune Beige,猫咪老师,招财米,中性,夏目友人帐,3,#BDB7AA,189,183,170,"189,183,170",74.6,7.4,91.3,2.0,3,2,4,1,A,是,#958F82,#E9E4D9,#F7F5F2,#393224
nyanko-fortune,猫咪老师 · 招财米,Nyanko-sensei · Fortune Beige,猫咪老师,招财米,中性,夏目友人帐,4,#7D7364,125,115,100,"125,115,100",48.9,9.8,83.0,4.66,4,3,5,4,A,是,#584F40,#A59C90,#F7F5F2,#393224
nyanko-fortune,猫咪老师 · 招财米,Nyanko-sensei · Fortune Beige,猫咪老师,招财米,中性,夏目友人帐,5,#4A4640,74,70,64,"74,70,64",29.9,4.2,83.9,9.37,5,6,6,6,A,是,#292520,#706C67,#F7F5F2,#393224
nyanko-fortune,猫咪老师 · 招财米,Nyanko-sensei · Fortune Beige,猫咪老师,招财米,中性,夏目友人帐,6,#BD3830,189,56,48,"189,56,48",44.0,63.4,34.1,5.57,6,4,1,5,A,是,#90000F,#DE7162,#F7F5F2,#393224
tarnished-gilded,褪色者 · 黄金暗夜,Tarnished · Gilded Nightfall,褪色者,黄金暗夜,中性,艾尔登法环,1,#7A674F,122,103,79,"122,103,79",44.8,16.8,77.1,5.41,1,1,2,4,A,是,#55432C,#A1907C,#F6F5F3,#38322A
tarnished-gilded,褪色者 · 黄金暗夜,Tarnished · Gilded Nightfall,褪色者,黄金暗夜,中性,艾尔登法环,2,#B18C35,177,140,53,"177,140,53",60.2,50.2,84.5,3.15,2,2,3,2,A,是,#876605,#DAB774,#F6F5F3,#38322A
tarnished-gilded,褪色者 · 黄金暗夜,Tarnished · Gilded Nightfall,褪色者,黄金暗夜,中性,艾尔登法环,3,#C7B68D,199,182,141,"199,182,141",74.5,23.1,90.6,2.0,3,3,4,1,A,是,#9E8E66,#F1E3C2,#F6F5F3,#38322A
tarnished-gilded,褪色者 · 黄金暗夜,Tarnished · Gilded Nightfall,褪色者,黄金暗夜,中性,艾尔登法环,4,#948E83,148,142,131,"148,142,131",59.2,6.7,88.1,3.25,4,5,5,3,A,是,#6E685D,#BEB9B0,#F6F5F3,#38322A
tarnished-gilded,褪色者 · 黄金暗夜,Tarnished · Gilded Nightfall,褪色者,黄金暗夜,中性,艾尔登法环,5,#4A4641,74,70,65,"74,70,65",30.0,3.7,79.8,9.36,5,6,6,5,A,是,#292520,#706C68,#F6F5F3,#38322A
tarnished-gilded,褪色者 · 黄金暗夜,Tarnished · Gilded Nightfall,褪色者,黄金暗夜,中性,艾尔登法环,6,#842317,132,35,23,"132,35,23",29.8,51.4,37.8,9.4,6,4,1,6,A,是,#520500,#A65545,#F6F5F3,#38322A
texas-inkgray,德克萨斯 · 冷墨灰,Texas · Cold Ink Gray,德克萨斯,冷墨灰,中性,明日方舟,1,#38475F,56,71,95,"56,71,95",29.8,16.1,273.3,9.4,1,1,3,6,B,是,#15263C,#626D81,#F4F5F7,#2F333B
texas-inkgray,德克萨斯 · 冷墨灰,Texas · Cold Ink Gray,德克萨斯,冷墨灰,中性,明日方舟,2,#7A5A4A,122,90,74,"122,90,74",41.1,18.0,53.0,6.2,2,5,1,5,B,是,#543728,#9F8376,#F4F5F7,#2F333B
texas-inkgray,德克萨斯 · 冷墨灰,Texas · Cold Ink Gray,德克萨斯,冷墨灰,中性,明日方舟,3,#60636A,96,99,106,"96,99,106",41.9,4.4,274.8,6.02,3,3,6,4,B,是,#3D4046,#898B91,#F4F5F7,#2F333B
texas-inkgray,德克萨斯 · 冷墨灰,Texas · Cold Ink Gray,德克萨斯,冷墨灰,中性,明日方舟,4,#5B7599,91,117,153,"91,117,153",48.6,22.5,270.5,4.72,4,6,2,3,B,是,#345173,#8B9EBC,#F4F5F7,#2F333B
texas-inkgray,德克萨斯 · 冷墨灰,Texas · Cold Ink Gray,德克萨斯,冷墨灰,中性,明日方舟,5,#8994A5,137,148,165,"137,148,165",61.0,10.3,268.4,3.07,5,2,5,2,B,是,#636E7E,#B6BFCD,#F4F5F7,#2F333B
texas-inkgray,德克萨斯 · 冷墨灰,Texas · Cold Ink Gray,德克萨斯,冷墨灰,中性,明日方舟,6,#B6B8BA,182,184,186,"182,184,186",74.7,1.3,255.7,1.99,6,4,4,1,B,是,#8E9092,#E3E4E6,#F4F5F7,#2F333B
hollowknight-pale,小骑士 · 骨白深渊,The Knight · Pale Abyss,小骑士,骨白深渊,中性,空洞骑士,1,#C5C0AD,197,192,173,"197,192,173",77.6,10.3,98.5,1.82,1,1,3,1,B,是,#9C9885,#F1EDDD,#F5F5F4,#34332D
hollowknight-pale,小骑士 · 骨白深渊,The Knight · Pale Abyss,小骑士,骨白深渊,中性,空洞骑士,2,#A09E98,160,158,152,"160,158,152",65.1,3.4,96.7,2.68,2,2,4,2,B,否,#797771,#CBC9C5,#F5F5F4,#34332D
hollowknight-pale,小骑士 · 骨白深渊,The Knight · Pale Abyss,小骑士,骨白深渊,中性,空洞骑士,3,#838171,131,129,113,"131,129,113",53.7,9.2,103.9,3.93,3,3,5,4,B,是,#5E5C4C,#ADAB9E,#F5F5F4,#34332D
hollowknight-pale,小骑士 · 骨白深渊,The Knight · Pale Abyss,小骑士,骨白深渊,中性,空洞骑士,4,#7B5E48,123,94,72,"123,94,72",42.3,19.2,63.3,5.94,4,6,1,5,B,是,#553B26,#A18775,#F5F5F4,#34332D
hollowknight-pale,小骑士 · 骨白深渊,The Knight · Pale Abyss,小骑士,骨白深渊,中性,空洞骑士,5,#414755,65,71,85,"65,71,85",30.1,9.2,276.7,9.3,5,4,6,6,B,是,#202633,#696D79,#F5F5F4,#34332D
hollowknight-pale,小骑士 · 骨白深渊,The Knight · Pale Abyss,小骑士,骨白深渊,中性,空洞骑士,6,#3D8BA7,61,139,167,"61,139,167",54.3,26.6,235.4,3.85,6,5,2,3,B,是,#006580,#7EB4CA,#F5F5F4,#34332D
mario-primary,马力欧 · 正红蓝,Mario · Primary Red & Blue,马力欧,正红蓝,撞色,超级马力欧,1,#DD5643,221,86,67,"221,86,67",54.5,64.3,36.6,3.83,1,1,1,3,A,是,#B02A20,#FD8D78,#FDF3F1,#502720
mario-primary,马力欧 · 正红蓝,Mario · Primary Red & Blue,马力欧,正红蓝,撞色,超级马力欧,2,#C8B3A2,200,179,162,"200,179,162",74.3,12.4,67.4,2.01,2,5,3,2,A,是,#9F8B7B,#F2E0D2,#FDF3F1,#502720
mario-primary,马力欧 · 正红蓝,Mario · Primary Red & Blue,马力欧,正红蓝,撞色,超级马力欧,3,#DDB300,221,179,0,"221,179,0",74.6,77.0,88.5,2.0,3,3,4,1,A,是,#AE8C00,#FFE19B,#FDF3F1,#502720
mario-primary,马力欧 · 正红蓝,Mario · Primary Red & Blue,马力欧,正红蓝,撞色,超级马力欧,4,#683D17,104,61,23,"104,61,23",30.3,34.1,63.2,9.26,4,4,2,5,A,是,#3E1E00,#8D6546,#FDF3F1,#502720
mario-primary,马力欧 · 正红蓝,Mario · Primary Red & Blue,马力欧,正红蓝,撞色,超级马力欧,5,#46464D,70,70,77,"70,70,77",30.0,4.5,291.0,9.36,5,6,6,6,A,是,#25252C,#6C6C72,#FDF3F1,#502720
mario-primary,马力欧 · 正红蓝,Mario · Primary Red & Blue,马力欧,正红蓝,撞色,超级马力欧,6,#2F56B3,47,86,179,"47,86,179",38.7,56.8,289.7,6.77,6,2,5,4,A,是,#003580,#6F7ECB,#FDF3F1,#502720
luffy-red-straw,路飞 · 赤麦,Luffy · Red & Straw,路飞,赤麦,撞色,海贼王,1,#C11B1E,193,27,30,"193,27,30",41.6,75.4,35.0,6.1,1,1,1,4,B,是,#860009,#E16352,#FFF2F0,#54241D
luffy-red-straw,路飞 · 赤麦,Luffy · Red & Straw,路飞,赤麦,撞色,海贼王,2,#C8732E,200,115,46,"200,115,46",56.8,57.8,60.8,3.53,2,4,2,3,B,是,#9C4D00,#EDA26B,#FFF2F0,#54241D
luffy-red-straw,路飞 · 赤麦,Luffy · Red & Straw,路飞,赤麦,撞色,海贼王,3,#D7B34E,215,179,78,"215,179,78",74.3,55.0,88.1,2.01,3,2,3,1,B,是,#AB8B23,#FFE09A,#FFF2F0,#54241D
luffy-red-straw,路飞 · 赤麦,Luffy · Red & Straw,路飞,赤麦,撞色,海贼王,4,#A29D96,162,157,150,"162,157,150",65.0,4.3,83.0,2.69,4,6,5,2,B,是,#7B766F,#CDC9C3,#FFF2F0,#54241D
luffy-red-straw,路飞 · 赤麦,Luffy · Red & Straw,路飞,赤麦,撞色,海贼王,5,#51443E,81,68,62,"81,68,62",30.0,7.2,52.0,9.35,5,5,6,6,B,是,#2F231E,#766B66,#FFF2F0,#54241D
luffy-red-straw,路飞 · 赤麦,Luffy · Red & Straw,路飞,赤麦,撞色,海贼王,6,#2B5FA8,43,95,168,"43,95,168",40.4,45.1,281.0,6.35,6,3,4,5,B,是,#003C78,#6C87C3,#FFF2F0,#54241D
rx78-trikolor,RX-78-2 · 三色旗,RX-78-2 · Trikolor,RX-78-2,三色旗,撞色,机动战士高达,1,#2F5AA9,47,90,169,"47,90,169",39.2,48.5,285.3,6.65,1,1,3,5,A,是,#003879,#6D82C3,#F4F5FA,#2B324B
rx78-trikolor,RX-78-2 · 三色旗,RX-78-2 · Trikolor,RX-78-2,三色旗,撞色,机动战士高达,2,#43474D,67,71,77,"67,71,77",30.0,4.2,267.0,9.35,2,6,6,6,A,是,#22262C,#6A6D72,#F4F5FA,#2B324B
rx78-trikolor,RX-78-2 · 三色旗,RX-78-2 · Trikolor,RX-78-2,三色旗,撞色,机动战士高达,3,#D92A3A,217,42,58,"217,42,58",47.9,74.8,28.4,4.84,3,2,1,4,A,是,#A10020,#F7716C,#F4F5FA,#2B324B
rx78-trikolor,RX-78-2 · 三色旗,RX-78-2 · Trikolor,RX-78-2,三色旗,撞色,机动战士高达,4,#777C86,119,124,134,"119,124,134",51.9,6.1,272.5,4.19,4,5,5,3,A,是,#525761,#A2A6AE,#F4F5FA,#2B324B
rx78-trikolor,RX-78-2 · 三色旗,RX-78-2 · Trikolor,RX-78-2,三色旗,撞色,机动战士高达,5,#B4B8BB,180,184,187,"180,184,187",74.6,2.2,247.7,2.0,5,4,4,1,A,是,#8C9093,#E1E4E7,#F4F5FA,#2B324B
rx78-trikolor,RX-78-2 · 三色旗,RX-78-2 · Trikolor,RX-78-2,三色旗,撞色,机动战士高达,6,#E0B100,224,177,0,"224,177,0",74.4,77.1,86.8,2.01,6,3,2,2,A,是,#B08A00,#FFE09F,#F4F5FA,#2B324B
inkling-splat,Inkling · 荧墨,Inkling · Splat Neon,Inkling,荧墨,撞色,斯普拉遁,1,#F32A7E,243,42,126,"243,42,126",54.3,76.8,3.0,3.86,1,1,1,4,A,是,#B80059,#FF86A9,#FEF2F5,#562031
inkling-splat,Inkling · 荧墨,Inkling · Splat Neon,Inkling,荧墨,撞色,斯普拉遁,2,#C65B00,198,91,0,"198,91,0",51.3,71.8,57.2,4.29,2,3,2,5,A,是,#8F3D00,#EA8C4F,#FEF2F5,#562031
inkling-splat,Inkling · 荧墨,Inkling · Splat Neon,Inkling,荧墨,撞色,斯普拉遁,3,#49454F,73,69,79,"73,69,79",30.0,6.7,306.1,9.34,3,5,6,6,A,是,#28242D,#6F6C74,#FEF2F5,#562031
inkling-splat,Inkling · 荧墨,Inkling · Splat Neon,Inkling,荧墨,撞色,斯普拉遁,4,#008FAD,0,143,173,"0,143,173",54.7,32.6,229.6,3.8,4,4,4,3,A,是,#00677D,#6EB7CF,#FEF2F5,#562031
inkling-splat,Inkling · 荧墨,Inkling · Splat Neon,Inkling,荧墨,撞色,斯普拉遁,5,#BBB7B0,187,183,176,"187,183,176",74.6,4.1,87.9,2.0,5,6,5,1,A,是,#938F88,#E7E4DE,#FEF2F5,#562031
inkling-splat,Inkling · 荧墨,Inkling · Splat Neon,Inkling,荧墨,撞色,斯普拉遁,6,#5BD01F,91,208,31,"91,208,31",74.5,91.8,131.5,2.0,6,2,3,2,A,是,#3BA400,#A6F978,#FEF2F5,#562031
joker-phantom,雨宫莲 · 怪盗红黑,Joker · Phantom Crimson,雨宫莲,怪盗红黑,撞色,女神异闻录5,1,#E50011,229,0,17,"229,0,17",47.9,93.4,37.6,4.84,1,1,2,3,B,是,#A10006,#FF6C53,#FFF2EF,#5A2016
joker-phantom,雨宫莲 · 怪盗红黑,Joker · Phantom Crimson,雨宫莲,怪盗红黑,撞色,女神异闻录5,2,#93001B,147,0,27,"147,0,27",30.1,61.7,29.6,9.31,2,2,1,5,B,是,#580004,#B44C48,#FFF2EF,#5A2016
joker-phantom,雨宫莲 · 怪盗红黑,Joker · Phantom Crimson,雨宫莲,怪盗红黑,撞色,女神异闻录5,3,#46464D,70,70,77,"70,70,77",30.0,4.5,291.0,9.36,3,3,6,6,B,是,#25252C,#6C6C72,#FFF2EF,#5A2016
joker-phantom,雨宫莲 · 怪盗红黑,Joker · Phantom Crimson,雨宫莲,怪盗红黑,撞色,女神异闻录5,4,#7C5F4F,124,95,79,"124,95,79",42.8,16.6,55.6,5.82,4,5,3,4,B,是,#563C2D,#A2897B,#FFF2EF,#5A2016
joker-phantom,雨宫莲 · 怪盗红黑,Joker · Phantom Crimson,雨宫莲,怪盗红黑,撞色,女神异闻录5,5,#848380,132,131,128,"132,131,128",54.8,1.8,96.9,3.79,5,4,5,2,B,是,#5F5E5B,#AEADAB,#FFF2EF,#5A2016
joker-phantom,雨宫莲 · 怪盗红黑,Joker · Phantom Crimson,雨宫莲,怪盗红黑,撞色,女神异闻录5,6,#C1B7A8,193,183,168,"193,183,168",74.8,8.9,83.8,1.98,6,6,4,1,B,是,#998F80,#ECE4D8,#FFF2EF,#5A2016
